name,Temp
EBOTOF_clean,197.9266556
FITJEY_clean,416.258098
CEFLEF_clean,434.9643331
ROGSAI_clean,330.6438539
QOYLOG_clean,379.3285636
TASXIW_clean,343.9113356
SATCIB_clean,335.643209
DAPXID_ion_b,324.3306596
EHAGEB_clean,418.3832439
REJLEY_clean,326.8523005
XAVQIU01_clean,305.6706282
XADGOA_clean,393.4653039
XADDAJ_clean,491.6038479
XADGAM_clean,299.8244051
DAHWAM_clean,422.0145911
ICIZOL_clean,473.7523105
WUBHEI_clean,570.2625571
MUMYAW_clean,604.1485695
ZUQMAB_clean,325.3052632
NAJSUP_clean,324.0470156
NAJTAW_clean,304.3699409
NAJTEA_clean,319.3305334
SANGEW_clean,529.3362982
SANGUM_clean,514.1240257
SANHIB_clean,457.6401481
SANHOH_clean,343.9257027
SANHUN_clean,331.8760593
SANJAV_clean,442.9745533
AGUWUV_clean,391.2525447
GUWDUY_clean,350.3453993
LUWYUY_clean,276.8570257
BAEDTA01_clean,395.105852
INIXOT_clean,392.5220854
OMEWUZ_clean,448.0087674
TEBWII_clean,289.6182731
VECWUX_clean,347.5547114
BELTOD_clean,494.6011396
BELTUJ_clean,425.7865307
IGUCIY_clean,265.6751565
QIRWAR_clean,254.2487685
KOFVOS_clean,414.543736
HOXSUK_clean,347.5213338
PORVID_clean,283.925962
HOXSIY_clean,344.0950456
GUFXEM_clean,447.6560463
HEKTUO01_clean,306.9137572
JUSBAC_clean,317.4888206
JUSHAI_clean,238.5345515
DUZPUL_clean,330.9355992
BACGAQ_clean,320.352867
ITIXAM_clean,459.8563855
UXUPEK_clean,360.8505316
BOPWIO_clean,443.033972
PUMNIV_clean,195.1434534
PUMNOB_clean,166.0816923
FULQOT_clean,457.5629064
FULQUZ_clean,449.5015716
UPOVOL_clean,313.4263678
BAKLIK_clean,250.0918728
NATXIR_clean,420.6071229
ESEHIV_clean,452.7734095
WULQUR_clean,390.3046612
VUVZAP_clean,291.978665
XOKHIP_clean,361.2898003
OXUNEB_clean,438.0598395
ELERIX01_clean,412.9182045
FAVZEJ_clean,254.422531
XEHTUB_clean,416.586488
ECUTON_clean,284.2615139
HOFMAS_clean,228.0795338
VEHJID01_clean,385.2860502
MOJNAC_clean,390.2062734
MOLKAB_clean,349.3509662
ADEGIA01_clean,509.6428462
BOJYIK_clean,507.3943083
IHECAB_clean,326.1795041
BUVHEH_clean,585.852378
JUYROM_clean,307.0710259
BUQWER_clean,303.6504511
PUVREF_clean,224.1525424
QETSOY_clean,514.7298617
ABEFUL_clean,437.6718577
RUMROI_clean,273.0447153
HUVHIR_clean,313.1195335
HUVHOX_clean,334.9824061
YUQNAB_clean,254.2548689
EBAVIP_clean,379.6745665
EBAVOV_clean,382.3282681
EBAVUB_clean,398.0302628
EBAWIQ_clean,430.7297479
SAKDEQ_clean,486.1430756
XALDAS_clean,332.9601065
NAWKII_clean,458.5180164
YAJXIT_clean,360.8974359
YAJXUF_clean,413.3175838
ZALGEB_clean,390.6899413
SALXEL_clean,350.9445307
SALXIP_clean,285.5408744
KAVGAQ_clean,329.062285
PIJJOI_clean,400.3413058
TISGUY_clean,248.1889248
OKILEA_clean,341.6723528
OKILIE_clean,342.9170855
AVIMIC_clean,471.7452541
AVIMOI_clean,425.1819072
AVIMUO_clean,426.5973524
AVIPAX_clean,480.8796029
NABMUA01_clean,454.1465013
UZUNAF01_clean,243.4444691
UZUNAF_clean,243.4444691
OVIZID_clean,360.0830163
OVIZOJ_clean,366.9882384
OVIZUP_clean,365.4260379
AXUHEH_clean,287.6764633
AXUHIL_clean,317.5565065
YASPEP_clean,221.6902722
YARKAF_clean,304.1690772
YARKEJ_clean,333.3333333
YARKOT_clean,329.7266352
PAPVAF_clean,313.7735232
PAPVEJ_clean,314.1095609
PAPXUB_clean,282.4455577
RAVJOP_clean,433.4497262
KEBFII_clean,268.1025417
PEFRID01_clean,440.1864502
PEFRID_clean,440.1864502
HELDOT_clean,436.8380321
PEWKOT_clean,281.8117978
YICDAR_clean,174.1325536
KIRKAZ_clean,201.1271205
HISGIB_clean,340.0309647
DIMJUG_clean,417.8548319
DIMKIV_clean,391.5290557
DIMKUH_clean,413.9329148
KIYQEQ_clean,379.8447794
TISPAO_clean,251.0433499
HOZDIL_clean,563.4284247
FOVPOX_clean,252.676527
FOVPUD_clean,249.9907172
YOTXOW_clean,363.4135566
SUCLOT_clean,559.9806903
RUFTET_clean,346.8826517
UFASEA_ion_b,381.0950275
POKGEC_clean,431.0294192
WODVOB_clean,365.348931
XOJPES_clean,188.7535145
HOXKIP_clean,454.6753155
HOXKUB_clean,443.7741385
COWXOC_clean,405.4179474
QUVFAP_clean,217.8126426
PUNSIB_clean,358.1022567
HUZSOL_clean,408.2521451
HUZSUR_clean,389.1457286
QOBWEJ_clean,358.6967479
QOBWIN_clean,358.0551565
QOPDEE_clean,390.4786413
EDIKIL_clean,452.4206589
XIWYEH_clean,425.8693552
NENFAN_clean,514.5125209
EFILUA_clean,366.121969
ECIWIW_clean,389.4025827
ECIWOC_clean,369.5707134
XUWSUD_clean,317.25
XUWTAK_clean,306.3851181
AHOKIR_clean,372.0001671
AHOKOX_clean,533.9700079
WOYJID_clean,436.8603955
UGELIB_clean,355.7178116
TAFPOG_clean,365.1821229
BEKSAM_clean,443.0622265
FIVQIL_clean,307.775648
KAVJEX_clean,316.6421559
HAZGOF_clean,515.26751
LEGGEK_clean,371.5849986
LEGGIO_clean,378.7113525
LEGGOU_clean,397.0887815
IVEQEG_clean,233.4501669
KUNRAO_clean,380.7944667
TIQGUW_clean,366.1559276
PAQVEK_clean,309.5821293
GEFYUN_clean,392.1656819
GEFZAU_clean,359.3341943
BUSQIQ_clean,287.1490846
IQUNAJ_clean,381.5899582
ECIYEU_clean,307.2155722
NERVEL_clean,292.635031
NERVOV_clean,296.1468137
HUYJOA_clean,348.508449
IKOSOQ_clean,220.0201969
IRISAD_clean,257.9497114
AXUPEO_clean,490.4137001
RAVVIU01_clean,270.0235558
RAVVIU_clean,270.0235558
UGEPEB01_clean,243.1182796
WAQQUB_clean,363.5761589
CAWGAJ_clean,304.9077956
CEBDOD_clean,334.6667349
UCEXAC_clean,401.9951038
XEHSUZ_clean,412.5216073
RESWOC_clean,379.4539825
RESWUI_clean,566.8041051
XEQGAC_clean,331.5608031
GESNOI_clean,297.6253949
HEYBIX_clean,409.0848423
KIBDEF_clean,379.9828958
KIBDIJ_clean,435.4931387
LIHRIE_clean,386.8344273
ODIMAQ_clean,369.0395777
UKUBIM_clean,334.8137786
UKUBOS_clean,348.1270121
UKUBUY_clean,332.809993
UKUCAF_clean,333.0015749
RAWZIA_clean,379.1995344
LAVSUY_clean,521.461163
LAVTAF_clean,448.3068449
LAVTEJ_clean,477.3934425
LAVTIN_clean,469.3193162
LAVTOT_clean,469.3193162
LAVTUZ_clean,474.3846849
AVUPIR_SL,293.6688312
OXAPEJ_charged,238.3623801
OTOROF_clean,348.1770833
IXAKAU_clean,288.0241076
QANSUV_clean,305.5091288
DAPXEZ_clean,381.3844342
HAWWIN_clean,314.8351648
HAWWOT_clean,308.6673131
HAWWUZ_clean,291.1571243
BAXLOD_clean,309.8692541
GAYFUJ_clean,408.4367246
GAYGAQ_clean_h,351.124571
HEDBEZ_clean,374.7681804
HEDBID_clean,384.5036713
ZEJCUO_clean,501.863354
MIDCAF_clean,451.4744697
SETDUS_clean,190.3762535
HOWROC_clean,551.3460826
IGIZEF_clean,253.5751354
VIRPOC_clean,453.7701397
TIRRIW_clean,481.9517105
HOMRIL_clean,310.7416332
LOQLEJ_manual,401.7893115
LOQLIN_SL,388.221714
DUBBEI_clean,268.7076948
KUGCOF_clean,264.9019242
XACHOA_clean,388.7703312
HUTTIA_clean,363.9485503
LABPOV_clean,359.2536539
LABPUB_clean,371.5267089
HUWDEJ_clean,257.4130361
ZUVTEP_clean,354.6397309
JOSNAG_clean,320.5690352
CABQEB_clean,330.2843243
KEJBOQ_clean_h,188.181521
KEJHIQ_clean_h,408.4522748
WONRUM02_clean,475.1720841
QEFNAQ_clean,260.3933642
ECOSIY_clean,300.3941513
QAVBUL_clean,417.904557
HIFTOG01_clean,428.5278878
HIFTOG02_clean,428.5278878
HIFTOG_clean,428.5278878
NISBEX_clean,313.7130051
QOVDAH_clean,442.7901457
QOVDEL_clean,442.7901457
FUNBAS_clean,463.4878255
FALZEY_clean,300.2741138
FALZIC_clean,305.9031686
FALZOI_clean,289.2427715
IGUTEK_clean,404.6563029
WEVQIX_clean,299.4083827
SUVFEU_clean,394.122792
MARJAQ_clean,350.5280279
QUFGED_clean,328.4876805
QUFGIH_clean,328.4876805
ECORIX_clean,343.0064531
ECOROD_clean,289.0660719
XUBJAF01_clean,322.1162424
XUBJAF_clean,322.1162424
KIYMIP_clean,248.5444708
COGNAO_clean,391.9885034
AFOTOF_clean,565.2490653
HOTWUJ_clean,416.617215
DOKDEN_clean,278.6202519
HORCUN_clean,458.9681502
YONNAR_clean,443.3888448
QOVWOO_SL,449.4139518
IGUCET_clean,318.7165775
QUJFUX_clean,442.679094
VUQJUN01_clean,483.1770321
VUQJUN_clean,483.1770321
VUQKAU_clean,466.13403
SUJNUH_clean,320.4915261
NADZEZ_clean,577.3035776
NADZID_clean,557.7956867
WUPNIF_clean,405.5206674
CUXFIL_clean,382.2917438
GAJZEY_clean,348.7912695
IKETIC_clean,325.1937984
OPOBIF_clean,365.5210606
OPOBOL_clean,374.1103855
TACJIS_clean,382.6184808
ILUHON_clean,404.6302848
ILUJEF_clean,416.9747611
WAYMAM_clean,434.4728411
WAYMEQ_SL,448.5895831
WAYMIU_manual,443.226573
ASAJOU_clean,362.034114
EQERAU_clean,510.012908
ETEPID_clean,317.8774367
IBOZIK_clean,214.1407529
EBUREA_clean,467.1352885
FAQVEA_clean,318.6781085
FALQEQ_clean,317.9937783
FALQIU_clean,303.2680351
FALQOA_clean,304.6719484
FAHGAY_clean,354.4075311
DAFHEZ_clean,368.9235451
DAFHID_clean,391.4201064
DAFHOJ_clean,376.6316136
ISIYOZ01_clean,315.0255379
ISIYOZ_clean,315.0255379
ISIYUF01_clean,303.2403556
VAPBEV_clean,227.2662675
VAPBIZ_clean,227.2662675
XENKIM_clean,421.2625737
LIFSAW_clean,298.4116033
LIFSEA_clean,304.4398047
NIFTIH_clean,289.9416166
VAXTEV_clean,257.7682157
VAYFUY_clean,314.6732209
ZEDROR_clean,391.5991181
WECBAJ_clean,290.9622615
REGLOG_clean,214.4227694
CAVSUP_clean,262.301383
TIGQOR_clean,491.7922647
TIGQUX_clean,508.8547696
MEJZEI_clean,345.1883364
ZEGSUB_clean,343.7956204
ACAJIZ_clean,258.3238636
ACAJOF_clean,218.0584924
XEQRAO_clean,406.7838609
FEGNIQ_clean,357.981329
TETZEZ_clean,356.9896047
TETZID_clean,302.1849431
ACOLOV_clean,354.0344275
PETVER_clean,330.243782
DEYNIG_clean,351.3782328
REYBAA_clean,371.9771242
REYCEF_clean,450.7331352
REYCOP_clean,332.3509606
XIHXAP_clean,415.1436571
XIHXET_clean,391.6892502
WIRMOB_clean,410.0390593
YINCEF_clean,341.9473601
YINCIJ_clean,326.0966648
YINCOP_clean,342.9028716
YINCUV_clean,329.6362008
YINDOQ_clean,267.0102149
EPECIN_clean,428.3018868
PEYPAM_SL,309.8593105
PEYPIU_clean,321.1599614
HIGRIA_clean,424.5841865
PIHWOU_clean,320.9030281
PIJDIX_clean,367.3565814
OFEHAK_clean,317.3483065
LISZOE_clean,399.7381162
GOBXAY_clean,354.6584354
ZIWMEZ_clean,315.4646102
QIPROY_clean,341.5790331
BEYSEF_clean,289.5382224
IFUNUU_clean,492.1832556
HISSIN_clean,484.6404022
CIZLEE_clean,396.2452629
EGUNAX_clean,378.6563392
MONWET_clean,210.5529954
ZOXFEZ_clean,417.5425331
DOQRUY_clean,377.7792452
GOWHOR_clean,566.4827279
KOTSIX_clean,378.1810914
GUBKUL_clean,592.120075
MOTVOI_clean,213.1696429
WOBHOM_clean,360.1234784
NOHHID_clean,274.2336119
DOHNUL_clean,308.8811246
BOMCOX_clean,315.3767474
ZOXGOK_clean,303.7913013
ZOXGUQ_clean,374.0599745
VOTKEW_clean,325.1539437
FUFTUX_clean,312.9421556
LULVOF_clean,341.8965917
KUHNEI_clean,347.235023
KUHNIM_clean,431.94967
ZUDXAZ_clean,249.4220898
XUBGUY_clean,507.9448055
GUKYUI_clean,319.3081081
JUFBIX_clean,461.6551998
FUNFOL_clean,364.8927942
FUNGAY_clean,255.3435593
MUGQAI_clean,521.242653
MUHNAG_clean,334.6749226
AJAMEF_clean,357.7446924
UKEXEP_clean,358.4068681
USORUR_clean,427.770991
URUWEL_clean,308.0947438
URUWIP_clean,308.0947438
TATYUL_clean,110.0584036
NANNAU_clean,289.6135468
NANNEY_clean,289.6135468
GAWCUF_clean,393.5788176
OGAQES_clean,432.8180915
QAVWAN_clean,379.0374377
NAYZOE_clean,296.5286041
YEKWOC_clean,519.3300189
PEZCII_clean,328.4002955
ENIHUG_clean,280.8344145
XAPCOH_clean,394.9739893
XAPCUN_clean,404.8733875
FIXVUE_clean,139.9365135
GAQYIH_clean,204.2603271
BIBXIV_clean,340.9765661
BIBXOB_clean,311.4238411
BIBXUH_clean,344.0657334
DOYBEA_clean,450.1917044
NUDLIJ_clean,518.350158
NUDMAC_clean,507.1156218
NUDMEG_clean,501.8237923
NUDMOQ_clean,503.3988067
NUDMUW_clean,508.2434706
NUDNEH_clean,534.8302687
UMEDEX_clean,163.8607595
UMEDIB_clean,396.2272727
METYIU_clean,310.2290002
TAZLIR_clean,370.1448748
TAZLOX_clean,379.2884322
TAZLUD_clean,362.2572406
TEZKAM_clean,373.5739887
FEWQIJ_manual,316.0401003
FEWQOP_clean,327.7639817
RIPWIY_clean,279.7017247
ZIQJEQ_clean,313.0461826
HUMWIX_clean,264.3658537
HUZXUX_clean,294.7345455
HUZYAE_clean,236.0512968
PURNEX_clean,311.0208654
PURNIB_clean,462.1230386
RIFGAQ_clean,316.5774759
SABVOH_manual,538.776011
SABWAU_SL,581.1862853
JEJWOL_clean,426.7146746
QEYWUN_clean,256.3293782
XEVVUQ_clean,264.1817123
PIDMEV01_clean,414.8206543
PIDMEV_clean,414.8206543
HIFVOI_clean,447.1341548
LIPQIL_clean,249.6716099
LIPQOR_clean,264.7354303
NAVJAW01_clean,448.9471096
WIZDEP_clean,431.8212253
WOBHEB01_clean,431.8212253
WOBHEB_clean,431.8212253
WOBHOL_clean,431.8212253
HOBGEL_clean,393.0031486
HOBGIP_clean,351.5474153
HOBGOV_clean,374.6471063
XOJCUV_clean,379.755498
BONWAD_clean,416.9612403
BONWIL_clean,328.0684755
BOYCEY_auto,252.5693036
FUTKEL_manual,318.6261872
FURRAM_clean,179.5677936
FURREQ_clean,184.7770816
FURRIU_clean,193.8370755
FUSMEM_clean,190.8621116
FUSMIQ_clean,189.5601173
FUSMOW_clean,186.0621707
FUSMUC_clean,186.681743
YUKTUU_clean,275.0162317
YUKVAC_clean,228.9430855
YUKVEG_clean,266.4242239
YUKVIK_clean,264.7058824
YUKVUW_clean,216.2680452
YUKKAR_clean,310.2932542
TUTHIA_clean,390.6635909
TUTHOG_clean,356.5944272
TUTJAU_clean,346.988667
ARAFEF_clean,259.0809541
ARAFIJ_clean,259.0809541
ARAFOP_clean,259.0809541
OJICUG_clean,525.0165737
OJIDAN_clean,519.5167469
VAGKOF_clean,525.2266225
VAGMAT_clean,413.1188349
VAGMEX_clean,411.7721617
ALAMUW_clean,295.2985992
ALANAD_clean,434.1972187
EXEXAH_clean,350.8914191
UVUFUN_clean,340.6648679
OYEBIE_clean,364.0051748
EXEWIO_clean,294.1499921
UWUTIQ_clean,513.3945841
OXOLAP_SL,379.4759529
RAHNOF_clean,307.8143298
BAZFUF01_clean,268.1063902
ICAQIO_clean,371.7733938
ICAQOU_clean,258.2844373
TATSIS_clean,329.7466305
TATPOV_clean,500.4550036
BAXSIE_clean,353.253012
CANYIB_clean,264.259326
XEGJIE_clean,313.6948618
XEGJOK_clean,353.5228327
XEGJUQ_clean,351.2412008
XEGKAX_clean,308.7983622
XEGKEB_clean,327.2873194
XEGKIF_clean,365.4521158
XEGKOL_clean,367.2758879
HAZNED_clean,375.3828164
HAZNIH_clean,365.0037331
HAZNON_clean,341.0966715
ZECKID_clean,285.1063595
ZECKOJ_clean,285.1063595
VETSOE_charged,498.2265446
VETTIZ_charged,466.5028787
ZEZFIV_clean,364.0908514
VETMIS_clean,294.0800379
ZETLER_clean,381.3375823
FIBKEI_clean,303.6949857
XIFHIF_clean,438.2515567
FERVEF_clean,391.1686183
FERVIJ_clean,391.1686183
FERVOP_clean,331.2332453
FERVUV_clean,331.2332453
FERWAC_clean,331.2332453
PEWFII_clean,368.5616135
PETWOC_clean,385.2054171
PEVBUP_clean,391.2483629
GEZRAG_clean,322.2329292
ADUWIH_clean,424.8482939
ADUWON_clean,406.0085656
LIKDOA_clean,247.3417166
LIKGUJ_clean,257.5410941
DIRPIF_clean,389.4280211
NIWZIE09_clean,401.6013439
NIWZIE10_clean,401.6013439
NIWZIE11_clean,401.6013439
NIWZIE12_clean,401.6013439
NIWZIE13_clean,401.6013439
NIWZIE14_clean,401.6013439
NIWZIE15_clean,401.6013439
NIWZIE16_clean,401.6013439
NIWZIE17_clean,401.6013439
SIRBIG06_clean,412.7568634
SIRBIG07_clean,412.7568634
YOBYAR_clean,443.3517747
YOBYEV_clean,433.6652367
YOCDUR_clean,442.001348
KIYTOD_clean,343.2831781
KIYXUN_clean,277.4090771
VIXPUP01_clean,278.8896299
KOMCOG_clean,351.8412076
KOMDAT_clean,403.5963166
ROMQAN_clean,418.3757272
ROMQER_clean,405.110733
ROLCEC13_clean,130.0072913
ROLCEC14_clean,130.0072913
ROLCEC15_clean,130.0072913
ROLCEC16_clean,130.0072913
ROLCEC18_clean,130.0072913
ROLCEC19_clean,130.0072913
KOXFUA_clean,292.0004383
KOXGAH_clean,286.5353725
KOXGIP_clean,265.2776215
KUMGIK_clean,434.0214954
KUMGOQ_clean,384.6960168
NORJEL_clean,320.7228444
PUFXIZ_clean,384.0524453
PUFXUL_clean,387.3314631
SUFJIO_clean,390.5732675
HUFKUQ_clean,364.6363636
BAFCAP_clean,369.2203482
FUYKER_clean,313.4128137
GAFROX_clean,413.4021403
GAFRUD_clean,278.7813286
GADMAA01_clean,394.3246543
PUYHOI_clean,115.0864432
WEVQOD01_clean,35.01679328
LAFFEG02_clean,252.0484129
LAFFEG_clean,252.0484129
QABKIQ_clean,229.9251473
ESIDOB_clean,379.3131026
ELERIY_clean,336.5220643
ULASAD_clean,169.5988549
IQECIS_clean,404.5494523
UQEGII_clean,421.8018913
ERUNIQ_clean,372.8336882
ERUNOW_clean,374.0611531
OWUHOF_clean,367.9991723
CADZIT_clean,362.0686803
UZIGOB_clean,365.0821089
DEXZIR_clean,337.6295648
EHAFEA_clean,443.9847121
EHAFIE_clean,455.4548989
EHAFOK_clean,435.0266972
EHAFUQ_clean,424.1820768
EHAGAX_clean,412.2050474
EHAGIF_clean,399.2520868
EHAGOL_clean,411.6071429
EHAGUR_clean,475.5250882
XOCWET_clean,437.3841561
XOCWIX_clean,390.5966616
XOCWOD_clean,464.4505141
XOCWUJ_clean,476.3869778
IBABOF_clean,339.7447553
IBABUL_clean,353.6200717
IBACAS_clean,368.2236377
ATOGEV_clean,329.6013485
DACXUB_clean,561.7422367
FEFVES_clean,284.2671194
CAQCAZ_clean,416.8224299
CASTEW_clean,388.0619415
WASTUG_clean,405.7318776
UCAXEC_clean,225.7972698
REJLIC_clean,361.8041374
KEGYAX_clean,233.0981775
DIVMUR_clean,342.1412372
DIVNAY_clean,352.9642057
HIWXER_clean,388.761884
VOGTIV_clean_h,438.8899261
MOGNAY_clean,287.6579744
XADDOX_clean,423.8153503
XADDUD_clean,430.5306365
XADDEN_manual,297.3889612
XADDIR_manual,329.6121667
XAFFAN_clean,381.924768
XAFFUH_clean,258.8927892
XADCEM_clean,226.0548559
XAFBEN_clean,381.4468429
OMICOD_clean,350.2567293
UVUQAE_clean,397.9243472
NANMAS_charged,383.090315
NANMEW_clean,455.5355054
CAKFIF_clean,426.7794296
NAQQED_clean,598.8876929
NAQQON_clean,591.8611977
PARFOF_clean_h,396.0892188
QARTAG_clean,289.2333764
QARTEK_clean,278.5340928
ADAXEK_clean,305.5640244
ADAXIO_clean,328.8844868
KEVWUF_clean,441.8181086
LEYQUD_clean,448.4895008
LEYRAK_clean,436.2077483
LEYREO_clean,441.8379881
LIBQIY_clean,432.3887854
PERSEM_clean,347.4322832
OGAXUR_clean,349.5855615
OGECOU_clean,340.186746
CISXEJ_clean,374.6139506
KIVDUQ_clean,371.4747541
QOBPEE_clean,251.6478932
QOCBUH_clean,294.7067958
DONXUB_clean,320.751634
KORMOV_clean,411.6575959
KORNAI_clean,403.9488279
YANBAR03_clean,292.4264799
BUCVAY_clean,359.0122622
BUCVIG_clean,358.1767107
XUCSAR01_clean,407.3979736
XUCSAR_clean,407.3979736
XUCSOF_clean,327.3361122
XAGPUT_clean,276.1110516
DUTKAG_clean,284.2675894
BOZFIH_clean,378.1239356
FAGQAI_clean,283.9658444
ANEHEI_clean,436.7234821
EWESAC_clean,321.6148375
OTUYEJ_clean,324.6750783
MAQBEO_clean,397.5262727
MAQBIS_clean,333.8204749
DARVAW_clean,326.6235813
HASNIB_clean,368.4853308
HASNOH_clean,384.0058884
HASNUN_clean,360.7536256
MAHCEG_clean,330.3399132
MAHCIK_clean,406.4847819
MAHCOQ_clean,372.4363933
AHAMAY_clean,302.3710664
BUSGOM_clean,409.7583879
ONUQOE_clean,284.5401174
VEHLEA01_clean,320.7807808
MUZHUL_charged,286.0882704
YUWKEH_clean,442.4832911
YUWKIL_clean,429.5855219
PACZUQ_clean,345.3564117
YUWHOO_SL,490.1630471
ELERIX_clean,332.4141589
ELEROD_clean,386.6842836
ISISUZ_clean,293.4245539
AQAJEI_clean,405.7025459
AQALIO_clean,357.267835
UWELIS_clean,426.3403897
TEDXOR_clean,423.4364568
TEDSIG_clean,371.7996085
TEBSAW_clean,313.2023813
GIFFAE_clean,402.5197116
GIFFEI_clean,403.777065
TEYLIU_clean,342.5016617
WISVEB_clean,349.0032081
VIVLAP_clean,392.2789539
FOJLOH_clean,301.7477135
TOFQEM_clean,317.1142317
EMUTUD_clean,336.6337945
EMUVAL_clean,335.4589605
WOVDES_clean,335.0552945
HOXSAQ_clean,380.4056856
CUCTAX_clean,267.5559436
COWRAJ_clean,437.924624
COWREN_clean,438.153937
COWRIR_clean,439.1752577
COWROX_clean,435.998222
GUHGOH_clean,440.1284035
DUJRAD_clean,353.3383346
AJINOY_clean,224.2212227
UMIGAA_clean,370.2270723
XASNUD_clean,409.2402303
XASPEP_clean,368.9775002
HAPGIR_clean,266.8586827
MULXOH_clean,430.4810715
EDABOC_clean,370.8765223
TAKYEL_clean,403.1569179
TAKYOV_clean,407.4927597
UQOWUU_clean,282.0819333
GUFBOA_clean,274.9987486
GUFBUG_clean,379.6993509
DUKMON_clean,345.2842711
RUFZID_clean,285.0447503
UHIYOB_clean,184.4827586
DUKNII_clean,386.4953149
KULZEY_clean,377.3175786
DUKYOZ_clean,567.203794
KUCDOD_clean,441.3159647
BUKYAJ_clean,570.726133
IHIMAP01_clean,410.0608845
IHIMAP_clean,410.0608845
DUPJAB_clean,354.9939517
JUPBUT_clean,377.9499245
KUVYAD_clean,407.1159462
AJUNOK_clean,468.2224536
KUTRIC_clean,336.9705786
KUTRUO_clean,418.6661867
KUTHOY_clean,379.5591243
SUTJIC_clean,359.513435
RUYNIK_clean,311.4478523
XEGJIE02_clean,359.7643147
JUNBOL_clean,396.142946
JUNBUR_clean,343.4401328
LUJBAV_clean,266.2357359
HURFEH_clean,357.5091111
SUVZUG_clean,331.1959288
SUWBET_clean,267.0457008
KADLOT_clean,276.2421001
KADLUZ_clean,265.2292161
HUWHOY_clean,360.7594937
HUXHEP01_clean,366.4754783
FAJZOI_clean,402.1700394
GAGSUF_clean,176.6658855
GAGTAM_clean,257.3548762
ULIMIN_clean,357.5085344
MAKFIQ_clean,466.0867577
MAKFOW_clean,457.836025
MAKGAJ_clean,475.8013129
MAKGEN_clean,437.2386889
MAKGOX_clean,454.221479
MAKGUD_clean,451.6977659
MAKHAK_clean,435.2996816
EJOQOL_clean,267.8166667
EJOQUR_clean,247.31449
EJORAY_clean,272.1526507
IJEVEA_clean,388.06134
IJEVIE_clean,364.4100649
OLANAS_clean,448.1380223
OLANEW_clean,465.1046067
EKOKIA_clean,288.956945
AWIBAL_clean,359.1704829
ASECUY_clean,376.4828002
OLONAG_clean,317.1019123
IQINAZ_clean,348.0560624
EPEXUU_clean,366.7216974
EPEYAB_clean,359.8626342
IROROY_clean,248.3238917
IRORUE_clean,303.5805557
IQILIF_clean,354.2277642
URENEM_clean,369.9306307
ABAYIO_clean,440.4327248
ABAYOU_clean,432.1541741
IQOHON_clean,412.4723616
IQOHUT_clean,258.0893682
IQOJAB_clean,376.996256
IQOJEF_clean,367.8339489
ASINAT_clean,413.3328631
ASINEX_clean,363.8624598
ASINIB_clean,395.3171654
ARUCOH01_clean,357.0152185
ARUCUN_clean,366.8999879
ARUDAU_clean,374.1563878
UVUDUM_clean,395.9073137
UVUGAV_clean,434.4356418
ASEJOZ_clean,348.1876453
ATUXIY_clean,424.2751451
ATUXOE_clean,480.4809781
ATUXUK_clean,468.9638427
ATUYAR_clean,463.2386228
ESARAT_clean,381.9589438
ESAROH_clean,380.3038319
ESARUN_clean,316.8242774
ESASAU_clean,364.4914406
ESASEY_clean,372.6181102
UVOTOQ_clean,390.1311249
EQUNEL_clean,409.9094942
EQUNIP_clean,418.306448
IZEVAM_clean,516.0947712
OCUMIL_clean,247.4395886
OCUMOR_clean,294.0038189
OCUNAE_clean,266.3079724
AYOQEM_clean,255.1386661
IZIKEJ_clean,226.2746931
IZIKOT02_clean,233.8271435
JALLEQ_clean,342.0715292
JALLOA_clean,280.563732
DADLOM_clean,392.4715909
EBATUZ_clean,284.9558914
EBAVAH_auto,299.91655
DADNII_clean,462.8131442
DADNOO_clean,548.42239
DADNUU_clean,453.6054641
DADPAC_clean,461.6612672
DADPEG_clean,447.9868142
RANWAH_clean,334.7443308
FAVGAN_clean,352.7950311
FAVGER_clean,358.4274656
FAVGIV_clean,366.9335621
FAVGOB_clean,373.0210388
FAVGUH_clean,340.2935608
FAVHAO_clean,383.1226741
FAVHES_clean,352.2271305
FAVHIW_clean,352.2271305
SAJLOH_clean,314.9438583
GASSUR_clean,324.9417839
MATPOP_clean,348.8130424
MATPUV_clean,372.5986362
NAWXER_clean,479.1815034
NATHUO_clean,266.0607727
GARQAU_clean,435.6828889
GARLAP_clean,420.3284859
GARLET_clean,435.8738968
GARLIX_clean,434.8455407
GARLOD_clean,434.9695459
GARLUJ_clean,402.5149701
GARMAQ_clean,431.2894647
WAQFIG_clean,410.5955403
WAQTEQ_clean,417.2880079
WATPIT_clean,297.8172954
LARXUA_clean,260.6989155
YATDUV_clean,426.9556554
RUYQIN01_clean,399.4885504
RUYQIN02_clean,399.4885504
RUYQIN03_clean,399.4885504
RUYQIN_clean,399.4885504
RUYQOT_clean,399.4885504
RUYTIQ_clean,399.4885504
RUYTUC_clean,399.4885504
RUYVEO_clean,547.0539634
IJEYON_clean,217.245778
ITIPOS_clean,225.5440552
IZENUY_clean,471.8191418
ZOZPUB_clean,260.6474971
MUHNUA_clean,401.5569179
MUHPAI_clean,376.727247
CUKXAJ_clean,321.8031832
CUKXIR_clean,298.2101227
QUHMOX_clean,491.32621
YUFLIW_clean,405.1852049
YUFLOC_clean,403.9025058
YUHHIU_clean,284.4969567
CUFJUK_clean,439.306575
JUKNUA_clean,421.7720576
QUSSII_clean,365.7044378
LUYSEF_clean,409.2608672
QUZVEO_clean,404.999731
YUSWEQ_clean,404.999731
YUSWIU_clean,404.999731
QUSRIH_clean,330.5842561
QUSRON_clean,315.4085634
QUSRUT_clean,290.9595804
WUSGIC_clean,286.1117223
WUSGOI_clean,245.9842703
CUWNIT_clean,397.7073898
CUWNOZ_clean,410.1055463
AZAVOO_clean,469.6708399
AZAVUU_clean,313.557476
AZAWAB_clean,290.346697
JUXFAL_clean,370.5063657
YUZRAO_clean,386.0275952
TAKTIL_clean,427.1575155
TAKTOR_clean,404.5223876
TAKVAF_clean,404.5223876
TAKGUK_clean,361.9584587
TAKHAR_clean,358.1592296
TAKHEV_clean,352.3420693
TAJXIO01_clean,343.5144425
TAJXIO02_clean,343.5144425
TAJXIO03_clean,343.5144425
TAJXIO04_clean,343.5144425
TAJXIO05_clean,343.5144425
TAJXIO06_clean,343.5144425
TAJXIO07_clean,343.5144425
TAJXIO_clean,343.5144425
ALAHUS_clean,488.089458
AMUFAR_clean,370.5471406
AMUFEV_clean,364.5438596
AMUFIZ_clean,357.0542817
AMUFOF_clean,429.8377266
QAJMUM_clean,364.0328931
LAHYOL_clean,428.17147
ILIQEB_clean,358.3015277
ILIQIF_clean,349.6243785
IMAGAG_clean,319.2458522
ASIQEA_clean,309.9975696
ASIQIE_clean,336.6301888
QALHIX_clean,339.5791023
ILIMOH_clean,448.7376401
ILIMUN_clean,500.4508734
EKETOF_clean,315.8428796
EKETUL_clean,312.9753915
EKEVAT_clean,302.696202
OTABES_clean,365.3521004
OTAQAD_clean,367.7491664
ASIVAB_clean,329.9096108
ASUJIJ_clean,342.9425511
ALATAK_clean,492.0462152
ASOVEL_clean,262.4345751
OSUVIJ_clean,424.0347917
OSUVOP_clean,345.7378171
OSUGUG_clean,241.2318535
ASIRUR_clean,377.4509797
EKIJEP01_clean,432.9627134
OTIPUE_clean,388.7847927
OTIQAL_clean,332.2401385
USOXEH_clean,411.6666667
OTUDEO_clean,333.7934297
OTUDIS_clean,333.7934297
IKOTUZ_clean,408.2673087
IKOVAH_clean,428.437721
IKOVEL_clean,388.9495571
OTODEI_clean,225.3962728
OTODIM_clean,225.7011405
OTODOS_clean,232.6264881
OSOTUN_clean,429.0804827
OTOLIU_clean,273.7272193
EXEMUR_clean,340.122577
EWUKAK_clean,404.0667218
EWUKEO_clean,405.6062009
ETECIR_clean,297.2560934
ETECOX_clean,281.2489018
EXAXAE_clean,223.6241199
HADXIW_clean,410.1485149
HADXOC_clean,410.1485149
HADDOI_clean,478.8649062
DALVAQ_clean,370.8846492
DALVIY_clean,239.7503291
AYUJIP_clean,229.593985
DAGJED_clean,356.7792924
ZALDUO_clean,249.2003919
DALSUH_clean,357.0951586
DALTAO_clean,353.5074245
HADPOU_clean,430.2357495
YARZEZ02_clean,315.9859856
YARZEZ03_clean,315.9859856
YARZEZ_clean,315.9859856
TAVCIF_clean,230.2325581
LAWFUN_clean,269.9815385
VASFAZ_clean,446.4419651
VASFED_clean,468.0703376
VASFIH_clean,482.0001331
VASFUT_clean,396.1369594
VASGUU_clean,408.4241918
LAWHOJ_clean,354.3112556
LAWHUP_clean,355.0371156
HAQKES_clean,240.6551327
HAWWEK_clean,418.7245935
QAQNOO_clean,222.0740741
MUGHED_clean,498.4447839
QADVUN_clean,267.6611534
QADWEY_clean,322.5036982
KAPHAL_clean,140.7084565
SEFSOM_clean,339.5466954
DEGPEL_charged,290.0484131
DEJCEB_clean,221.1359659
DEJCIF_clean,226.6666667
SEYDUW_clean,301.5012102
SEYFAE_clean,308.1989586
SEYFEI_clean,295.0207392
RESSAK_clean,271.7135476
WEVZUT_clean,379.4983975
KIDXUR_clean,342.4337939
TIKXER_clean,407.1626276
GIYSUD_clean,290.4196738
GIYTAK_clean,304.0551034
GIYTIS_SL,296.8880192
TISKOW_clean,376.5374677
TISLIR_clean,340.4624675
MITSAK_clean,350.1983198
MITSUE_clean,445.1698929
CUYRUK_clean,386.6084977
CUYVOI_clean,239.1080732
RUVKAV_clean,287.1148536
MUZRIJ_clean,261.7276796
RUWWOW01_clean,403.8986823
RUWWOW_clean,403.8986823
RUWWUC_clean,399.5672677
RUWXAJ_clean,416.4937721
RUWXEN_clean,422.5629175
FUWYAY_clean,329.4521657
QUPHIT_clean,389.198079
QUPHUF_clean,379.3710689
QUPJAN_clean,359.5294247
QUQHAM_clean,295.6166696
QUQFIS_clean,509.9563207
QUQFOY_clean,478.6959334
RUVMUR_clean,348.2352941
QUQGAL_clean,473.2221203
UNIPAJ_clean,354.9290297
OTENEH_charged,274.5454545
OKIPOO_clean,388.8078874
OKIPUU_clean,362.0246787
OKIQAB_clean,386.7835225
OKITAE_clean,304.0504156
ENISOK_clean,420.8536163
ENISUQ_clean,394.0693196
ENITAX_clean,346.0176012
INEBOT01_clean,239.1568716
OSAVEK_clean,555.8885368
OSAVUA_clean,323.5723598
OSAWEL_clean,245.0286449
AROFAP_clean,368.1668409
AROFET_clean,371.6405272
EREGOY_clean,371.2177885
UVINAP_clean,280.4737602
OWETIU_clean,253.3011625
OSAXAI_clean,294.0015177
OVICUS_clean,237.9465427
OVIDON_clean,265.69577
OSIWUJ_clean,282.9630647
OSIXEU_clean,282.9630647
OSIXIY_clean,282.9630647
OWAVIS_clean,358.0532213
OWAVOY_clean,387.8464186
EVUNEP_clean,457.2933227
UTOTUT_clean,272.0582096
OTUXUX_clean,352.9625224
UVARIT_clean,436.2831134
UVAROZ_clean,437.7750728
UVARUF_clean,449.2621371
UVASAM_clean,428.9648891
AVUJIL_clean,458.0196721
ECOLEP_clean,314.7802929
AVELUJ_clean,213.3777718
EWUSOF_clean,253.7092953
EWUSUL_clean,247.1299461
EWUTEW_clean,250.4466552
EXALAR_clean,317.1980251
EXALIZ_clean,335.3362386
AWEZOS01_clean,428.0429991
AWEZOS_clean,428.0429991
AWIBEO_clean,411.5244387
IWIPIO_clean,375.3951368
AWEJIW_clean,436.147276
EXIDEV_clean,369.8912381
EXIDOF_clean,361.9009591
YARBAW_clean,304.7898081
YARBUQ_clean,323.3144468
MAXHAW_clean,424.9092739
MAXHEA_clean,445.8670074
MAXHIE_clean,459.6028442
MAXHOK_clean,468.3379021
MAXHUQ_clean,286.0730634
MAXJAY_clean,293.357103
MAXJEC_clean,291.5876588
MAXJIG_clean,280.921914
MAXJOM_clean,294.9308661
YARDEC_clean,358.5463664
PAMTOO_clean,470.6293551
PAMTUU_clean,482.3332433
YARGAB_clean,355.8865377
PAMVEG_clean,338.8770437
PAPPAZ_clean,248.7479004
PAPPED_clean,251.289335
PAPPIH_clean,251.834537
YASNAJ_clean,234.4562767
DAWVOO_clean,362.1740043
DAWWAB_clean,350.0839104
RAVDEZ_clean,448.4810823
RAVFIF_clean,410.8869126
DAWWEF_clean,396.6493984
DAWWIJ_clean,407.9840504
LAZHUR_clean,420.2023774
LAZJAZ_SL,388.6363636
LAZJIH_clean,351.8348624
DATHAJ_clean,389.2347826
DAWBIO_clean,204.5885085
DAWBOU_clean,274.385642
DAWBUA_clean,244.3280264
DAWCAH_clean,248.6994321
YAQZUN_clean,378.8898263
SAXLEK_clean,210.6671035
DAWCIP_clean,461.0269242
DAWDAI_clean,387.7113275
DAXHIV01_clean,257.6282597
DAXHIV_clean,257.6282597
DAXHUH01_clean,275.6518083
DAXHUH_clean,275.6518083
DAXJET01_clean,273.179373
DAXKIY_clean,307.4151958
DAXKOE_charged,302.6692818
HASMIZ_clean,347.959401
PATNAB_clean,212.3637277
KAXZUG_clean,333.1076976
KAYBIX_clean,513.9565274
KAYBUJ_clean,530.0371661
KAYCIY_clean,412.7477017
PATWOY_clean,266.8478261
KEFWAV_clean,276.8080988
KEFWID_clean,360.9345881
LAZPIN_clean,335.1653395
VAZLIT_clean,370.983053
VAZMAM_clean,373.6871042
HEKTAU_clean,335.9969816
ZEBMAW_clean,497.9656129
HEKTUO_clean,323.5796883
QEKLID01_clean,310.7280553
HEBJAB_clean,328.8362953
HEBKEG_clean,213.6937241
XEWDUA_clean,365.4254345
XEWFAI_clean,325.3080808
WIFGOJ_clean,387.6733767
PEJMOI_clean,374.3880746
PEJNUP_clean,360.8947302
PEJPIF_charged,358.1077626
PEJRED_clean,358.7286824
PEHTON_clean,211.7461676
SEQTEP_clean,463.8009532
PEKCUF_clean,374.8607608
PEKDAM_clean,380.0019646
KEWZET_clean,413.5718676
LIQFEY_clean,401.3422587
ZEXKUK_clean,392.6321971
GERWEH_clean,297.6642784
MIFKUJ_clean,461.6117614
MIFLIY_clean,436.8487653
GESDUF_clean,441.4957018
GESFAN_clean,395.472592
FEXCES_clean,380.525103
WIDZOA_clean,258.8330478
WIDZUG_clean,285.5349441
WIFBAQ_clean,253.1439045
FEZTIP_clean,495.5072846
LELMIA01_clean,545.3696974
FESBEM_clean,519.0972788
WIDWOX_clean,242.8155576
MIFNUM_clean,331.2587609
MIFROK_clean,327.6994881
MIFSAX_clean,325.6608734
MIFSUR_clean,317.8990429
MIFTEC_clean,334.1463415
MIFTIG_clean,304.8259329
MIFTUS_clean,328.7868815
MIFVEE_clean,318.3660561
MIFPUO_clean,429.6057616
MIFQOJ_clean,421.8778113
XICNOO01_clean,397.9130435
XICNOO02_clean,397.9130435
XICNOO_clean,397.9130435
XICYIT_SL,379.5941874
XICYAL_clean,459.3315289
TEWFOS_clean,215.054067
TEWFUY_clean,215.054067
TEWGEJ_clean,226.4090576
SEQSIS_clean,366.7055496
MICDEJ_clean,294.9705555
KEYMUY_clean,324.182951
KIJRUS_clean,307.005131
KINPUU_clean,429.7987082
KINQAB_clean,392.1081081
HIFGIO_SL,415.9319155
BIFKEI_clean,258.4575761
GIKQIC_clean,382.2863504
KETHEY01_clean,398.0725893
KINFAQ_clean,578.1340289
KINFEU_clean,601.5644621
RESWUI02_clean,584.702397
HIQNAY_clean,192.8453637
HIQNIG_clean,382.3264766
HIQNUS_clean,371.9337708
DILXED_clean,490.8544145
KINLAW_clean,372.885656
HISJAW_clean,416.3687017
HISJIE_clean,304.6428905
VIWKIX_clean,274.6182301
VIWKOD_clean,277.7591121
VIWLAQ_clean,273.6501241
VIWLEU_clean,268.2317936
JOQZUM_clean,304.0012386
JORBAV_clean,298.1861751
HAHCUR_clean,400.1425456
DIMKER_clean,502.5992802
VIXTUT_clean,262.8403238
VIXVUV_clean,248.8
XUMSOP_clean,447.9634131
KIYJAF_clean,313.8598735
TISJOW_clean,294.1234138
POHLOP_clean,451
POHLUV_clean,467.1755454
POHMAC_clean,484.0707965
SOCNAB_clean,293.9730105
XIMPOA01_clean,345.0859169
LODPUR_clean,279.6926435
WITJOA_clean,380.7748456
WITJUG_clean,418.103622
SOCKOM_clean,365.9437246
SOCLAZ_clean,382.7558901
LODKIA_clean,373.8912939
WITKIV_clean,434.992644
FOBNAN_clean,207.4330679
SOJSUH_clean,197.2445015
POSFIO_clean,264.1719626
POSFOU_clean,379.7764643
POSGAH_clean,269.4444444
POSGEL_clean,417.4590023
SOJTOC_clean,344.0639418
FIZPOV_clean,351.132342
FODCEI_clean,255.5866557
SOTWOP_clean,450.9906505
SOTWUV_clean,476.7619303
SOTXAC_clean,509.4404689
SOTXEG_neutral,523.2381683
FUTTIZ_clean,349.7351014
HIYLUY_clean,409.0905262
HIYMAF_clean,406.3450169
HIYMEJ_clean,395.7748471
JORLEJ_clean,375.0571634
XOGXAU_clean,370.8632063
XUMVOS_clean,512.5455811
VOPHUF_clean,259.7204748
HOZFEJ_clean,329.3891029
FOSTUE_clean,401.301623
WOPHEQ_clean,370.5554079
WOPHIU01_clean,325.2535124
WOPHIU_clean,325.2535124
VOPCEK_clean,478.5714286
VOPCIO_clean,196.7075178
YOTROQ_clean,273.4127342
YOYQOU_clean,394.0073337
YOYQUA_clean,404.3078552
YOYRAH_clean,414.199924
YOTRUW_clean,343.4480361
YOYBUL_clean,356.9517289
RORVAX_clean,204.0797546
YOYTOX_clean,306.6882235
YOYTUD_clean,301.0590072
YOYVAL_clean,301.0590072
YOYVEP01_clean,391.5325731
YOYVOZ01_clean,374.6451974
YOYVOZ_clean,374.6451974
YOYWEQ01_clean,380.3162719
YOYWEQ_clean,380.3162719
YOZJEE01_clean,296.3526726
YOZJEE_clean,296.3526726
BOWDIC_clean,387.5109111
FOWTOC_clean,426.0381594
FOXHUX_clean,295.8547177
YOZBAS_clean,222.5490196
YOYNUX_clean,415.6321986
YOYPAF_clean,409.818954
YOYPEJ_clean,432.2644715
YOYPIN_clean,377.5326347
YOYPOT_clean,348.3718487
YOYPUZ_clean,400.9897829
YOYQAG_clean,399.4714722
YOYQEK_clean,395.147797
YOYQIO_clean,426.4697769
KOZSID_clean,528.1194296
KOZSOJ_clean,528.1194296
YOYZET_clean,263.2879365
RUGGIL_clean,316.031211
RUGGOR_clean,312.5210445
RUGGUX_clean,315.6890996
RUGHEI_clean,328.5762393
RUGHOS_clean,310.3757434
RUGHUY_clean,314.1043765
RUGJAG_clean,314.0499345
RUGJEK_clean,289.9788051
RUGJIO_clean,331.8540515
RUGJOU_clean,322.6614546
RUGJUA_clean,297.6675396
RUGKAH_clean,298.6041914
RUGNUE_clean,321.2719881
XOTSEG_clean,447.2788533
XOTSIK_clean,382.14007
RUFRIV_clean,366.4475116
RUGKOV_clean,346.4311068
JOXPIX_clean,269.803549
UHASED_clean,226.230476
RUGPEQ_clean,330.2371004
RUGZAW_clean,367.3372781
DOYHOQ_clean,355.5900122
DOYHUW_clean,367.0103093
YOZKOP_clean,176.8543172
UGOFED_clean,313.3453108
DULCAQ_clean,290.9668786
QITYOI_clean,360.4123053
RIXBEG_clean,255.1589934
RIXBIK_clean,267.6910336
LIWXIZ_clean,302.6419777
DOGZIJ_clean,357.0951111
GIYSEN_clean,199.938295
GIYSIR_clean,272.9759095
GIYSOX_clean,268.567753
XOVVIO_clean,366.7278795
MOTMAK_clean,423.1264444
TOLYOJ_clean,240.0872093
KOBFIR_clean,319.9884701
OFOCUI_clean,284.980666
COWMAD_clean,419.8611309
COWMEH_clean,452.0444081
COWMIL_clean,419.4309297
COWMOR_clean,502.4839787
COWMUX_clean,464.8983664
HIWXER01_SL,408.6828804
AGONAM_clean,347.1269421
AGONEQ_clean,301.1680955
KOMGUP_clean,351.9778687
KOMHAW_clean,301.2484147
KONCIA_clean,410.7113492
COMGUH_clean,259.8174829
XOVXAI_clean,266.5801432
XOVXEM_clean,323.0787389
XOVYIR_clean,282.9466747
XOJWOJ_clean,347.1520054
GUXSEY_clean,344.6381839
GUXSIC_clean,362.3936825
COXHED_clean,238.2041423
COXHIH_clean,238.2041423
COXHON_clean,211.7602937
FOXNIQ_clean,455.0261462
FOXPUE_clean,253.9631297
MOYNIY_clean,391.3538042
YUNJEX_clean,217.5741091
YUNJIB_clean,256.0317678
MOYMET_clean,376.7010092
HOXJIO_charged,351.1860352
HOWPOZ_clean,359.126956
HOWPUF_clean,276.2182025
HOWQAM_clean,343.7833096
HOWQEQ_clean,466.0704131
HOWQOA_clean,259.7890993
MOYYEF_clean,262.7518828
MOYYIJ_clean,268.9866853
HUHJAW_clean,369.9061307
FUFREE_clean,317.3656798
GUBZAF_clean,274.5541866
VUNCAJ_clean,290.079275
QUFXIZ_clean,378.0499293
BUGSAY_clean,387.6388776
BUGSEC_clean,375.5628937
BUGSIG_clean,410.434455
BUGSOM_clean,404.0914766
OHAKEO_clean,363.9967262
OHAKIS_clean,330.1538462
CUKXOW_clean,455.5515239
CUKXUC_clean,336.8005739
CUKYAJ_clean,434.603127
FUTZOK_clean,411.5488946
QUDJIJ_clean,270.0084844
QUDJOP_clean,373.5139633
PUQHEP_clean,368.9018873
PUQHIT_SL,383.34157
OGURAK_charged,260.3730631
QUSCAJ_clean,383.2612473
QUSCEN_clean,272.1804511
CUKVUA_clean,173.9624637
CUNFOH01_clean,346.8618735
CUNFOH_clean,346.8618735
PUMZAZ_clean,407.2895924
QUVDOB_clean,229.9320956
QUVDUH_clean,358.0459067
QUVFET_clean,220.3918202
PURQEZ_clean,404.9212899
PUQXUV_clean,481.4502553
PUQYAC_clean,481.4502553
PUPNAQ_clean,400.8911291
PURRIE_clean,360.6796775
MUPYIG_clean,311.0549282
MUPYOM_clean,401.1004712
MUPYUS_clean,395.7230789
PUNCIL_clean,357.4080679
PUNFIO_clean,301.1818703
CUVXAT_clean,410.0571429
MUZGAQ_clean,305.6840155
WUWQEL_clean,337.3835443
LUKREO_clean,311.4162231
LUKRIS_clean,300.67742
LUKRUE_clean_h,338.2185923
EBOJOV_clean,506.2628236
FOFHAK_clean,370.0373316
FOFHUE_clean,352.1012197
NAVFUM_clean,406.0283922
HEGNAJ_clean,305.4021287
HEGNEN_clean,327.0143565
HEGNIR_clean,297.2279785
HEGNOX_clean,339.2283514
HEGNUD_clean,331.7786875
HEGPAL_clean,316.2778671
TIQGEG01_clean,250.3276388
TIQGEG_clean,250.3276388
TIQGIK_clean,250.3276388
TIVFAG_clean,250.3276388
TIVFEK_clean,250.3276388
TIVFIO_clean,250.3276388
DISSUU_clean,285.4743609
SADLEQ_clean,496.819752
SADLIU_clean,521.9032613
SADMIV_clean,312.1959558
SADMUH_SL,312.1959558
OYIVEY_clean,290.4336735
OYIVIC_clean,281.9688205
OYIVOI_clean,220.6223325
GEGDED_clean,296.1678551
GEGGIK01_clean,384.320118
GEGGIK_clean,384.320118
GEGGUW_clean,319.0293354
GEGHAD_clean,396.744154
MIBMER_clean,348.3138465
SETQAL_clean,312.115707
SETQEP_clean,324.4736098
SETQIT_clean,329.073893
SETQOZ_SL,312.115707
SETQUF_SL,324.4736098
SETRAM_clean,329.073893
CELZIE_SL,444.0433854
XEYMAR_clean,364.8694148
YIZGEV_clean,360.9595488
YIZGIZ_clean,360.9595488
YIZGOF_clean,360.9595488
PODKOK_clean,249.6136872
PODKUQ_clean,248.9045202
KUNSUJ_clean,394.0689568
QOPPOC_clean,236.3475509
GUDJOG_clean,245.2480693
GUHNUU_clean,258.8590006
GUHPAC_clean,244.6346082
GUHPEG_clean,223.332949
BOWZUK_clean,339.1975309
MOCKAR_clean,323.4605936
MOCKEV_clean,322.578314
QOSXOM_clean,558.6437303
SUSZIQ_clean,384.8053181
BUSQUC_clean,340.1638135
VOCKUT_clean,353.8062199
VOCNOQ_clean,341.0379981
VOCQAF_clean,294.6154788
VOCQEJ_clean,198.7437283
HUYJUG_clean,153.8567702
HUYKAN_clean,135.4395812
AYUPOZ_clean,321.1570593
DANVAQ_clean,517.7423552
DANVEU_clean,457.3317751
FIFNUE_clean,257.8460822
FIFPAM_clean,228.4681074
FATKIV_clean,247.1159667
FEYDET_clean,260.4251012
SAQQAD_clean,335.2698129
DARBUU_clean,282.2054054
QAQHOG_clean,525.3
PEDMER_clean,593.6513632
PEDMOB_clean,233.2997098
HEMVEB_clean,417.1912833
OCUPUY_clean,494.5204228
OCUQIN_clean,378.9293924
OCUQOT_clean,394.2026564
OCUQUZ_clean,361.8902524
OCURAG_clean,379.2705071
OCUSIP_clean,479.7024553
OCUSOV_clean,373.1596411
OCUTEM_clean,373.0825064
CEHLAD_clean,442.1385759
SEHZUB_clean,225.9205709
SEJBAL_clean,269.3180509
YELYOE_clean,320.894013
SEHSII_clean,521.5468855
PENZIS_clean,422.75285
PENZUE_clean,446.555189
PEPBAO_clean,433.9377217
NELVAC_clean,403.7489258
NELVEG_clean,444.2064359
VEMDAT_clean,227.8910078
JEXWUF_clean,276.6142617
JEXXAM_clean,212.9076403
LETDEU_clean,585.8116277
QEVKOS_clean,311.5727583
PEQWAK_clean,490.5526422
NIGFIT_clean,402.2322859
LEYLUX_clean,194.2906951
GIQXEK_clean,532.7518987
GIQYEL_clean,517.9068362
LIHSIF_clean,385.510214
NINVAI_clean,413.3585859
PIBPAS01_clean,445.7546737
MIHLAR_clean,364.0893528
MIHLEV_clean,401.726293
MIHLOF_clean,421.2962996
MIHLUL_clean,385.8773977
MACKAE_clean,258.4751667
RACZEC_clean,327.6233454
ILOSOS_clean,261.4274927
UWOWAF_clean,358.4623499
AMAFOK_clean,279.8021325
AMAGAX_clean,279.8021325
ILOTOT_clean,245.7821458
ZASJAG_clean,411.0777924
EWUCOP_clean,254.270138
OXALAB_clean,428.1472574
OXALEF_clean,451.6727599
OXALOP_clean,478.3407015
OXAMIK_clean,270.5016909
OTAXOX_clean,368.2175847
IXAMAW_clean,338.002819
IXAMEA_clean,338.002819
IXAMIE_clean,338.002819
IXEJOL_clean,392.087333
IWOSAP_clean,422.8223894
EZOFEF_clean,360.3027176
EZOFOP_clean,367.1290242
UBACOR_clean,358.6549708
ABEXIQ_clean,341.9411506
CAKXOD_clean,421.0342922
BAZFUF_clean,256.2288804
BAZGAM_clean,247.7275472
BAZGEQ_clean,263.4719837
HAZGOF01_clean_h,539.094857
HAZGOF02_clean_h,539.094857
HAZGOF03_clean_h,539.094857
HAZGOF04_clean_h,539.094857
HAZGOF05_clean_h,539.094857
HAZGOF06_clean_h,539.094857
HAZGOF07_clean_h,539.094857
HAZGOF08_clean_h,539.094857
QARCET_clean,315.4911248
NALWOO_clean,395.4707029
CAWZUX_clean,346.0407114
HAWVIM_clean,287.1659694
KEFBEE_clean,444.1886889
KEFBII_clean,403.8729275
KEFBOO_clean,431.5764547
HAWREE_clean,191.8128655
DARJOX_clean,475.3153294
DARJUD_clean,451.3083206
CAYDEN_clean,301.4307505
CAYDIR_clean,301.4307505
CAYDUD_clean,309.4771242
CAYKEU_clean,441.1524077
QEJYIP_clean,254.7937202
KEDQAN_clean,451.8397744
BAXFIR01_clean,227.0157608
BAXFIR02_clean,227.0157608
BAXFUD_clean,263.6600639
BAXGAK_clean,263.6600639
WEHHEY_clean,432.6951312
WEHHIC_clean,432.6951312
WEHHOI_clean,432.6951312
WEHHUO_clean,432.6951312
WEHJAW_clean,432.6951312
FEFCUQ_clean,336.4018003
FEFDAX_clean,285.5522919
FEFDEB_manual,389.6304175
BAWROI_clean,410.334507
GEDLIM_clean,350.7035269
LECFAC_clean,289.0124601
LECFEG_clean,256.4715253
HEDBOJ_clean,370.4080677
HEDBUP_clean,443.0379747
HEDCAW_clean,392.3749837
HEDCEA_clean,365.0466992
HEDCIE_clean,285.1246618
KEFFEI_clean,332.0637854
MAYKOO_clean,291.2424047
WEJSAH_clean,291.6167678
NEXXEV_clean,463.898917
NEXXIZ_clean,463.898917
YEGDAR_clean,397.2040024
NIGBOW_clean,445.3978711
VERPOZ_clean,161.4754838
YEGKOM_clean,308.8393547
EDEPAG_clean,418.8832883
DIDBAV_clean,140.7769772
DIDBEZ_clean,140.7769772
SERCEZ_clean,411.1712341
NIMXIS_clean,344.2949676
VERZEZ_clean,267.3707594
VERZID_clean,271.8444649
VERZOJ_clean,272.5950347
VERZUP_clean,196.0987488
VESBAY_clean,399.2416926
VEPDEB_charged,338.6374269
XEXLAP_clean,375.8479944
XEXLET_clean,411.3731106
XEXMEU_clean,396.5166205
DEYJIC_clean,356.179471
DEYJOI_clean,311.6360207
QEZZAY_clean,559.0677935
QEZZEC_clean,567.1479336
DIBJEF_clean,379.0989474
DIBJIJ_clean,379.0989474
BIPLIX_clean,404.4191613
CIMTEZ_charged,329.5142455
WIPLOY_clean,354.7871041
MILQIJ_clean,333.2751843
QIHXIQ_clean,431.5995777
BIQHEQ_clean,259.0479937
BINROH_clean,281.9980664
BINRUN_clean,386.9077015
BINSAU_clean,357.9620368
BIRSEC_clean,364.4242274
BIRSIG_clean,427.8595047
PIQMOT_clean,533.7002331
PIQMUZ_clean,376.8917403
NIZNAN_clean,342.5213675
NIYZIG_clean,140.3162646
QIWGOU_clean,360.0736177
POHCOG_clean,229.6512875
KOMJED_clean,372.56386
KOMJIH_clean,372.56386
KOMJON_clean,372.56386
XUNRUV_clean,423.9779411
XUNSAC_clean,426.7651265
XUNSEG_clean,420.7658653
XUNSIK_clean,428.7702833
XUNSUW_clean,421.8474349
XUNTAD_clean,426.3364055
XUNTIL_clean,414.687533
JOCWIJ_clean,251.9752209
KOLYUH_clean,360.8391608
KODSUT_clean,239.0117052
PIZQUM_clean,259.5718452
PIZRAT_clean,259.5718452
PIZRUN_clean,259.5718452
PIZSAU_clean,259.5718452
NOFQIK_clean,272.7047146
NOFQOQ_clean,294.8717949
QOMSES_clean,291.9654765
HUCWOT_clean,538.7275958
HUCWUZ_clean,538.8096182
HUCXAG_clean,545.114517
HUCXEK_clean,551.2649031
HUCXIO_clean,534.2114067
HUCXOU_clean,545.0548157
HUCXUA_clean,547.3567924
DOZKIO_clean,334.3372401
HOWSAP_clean,292.5018404
HOWSET_clean,273.4842031
HOWSIX_clean,273.4842031
PUGFII_clean,431.9409732
PUGFOO_clean,412.8887952
PUGGOP_clean,412.2608859
PUGHAC_clean,426.942118
PUGHIK_clean,431.0734463
PUGHUW_clean,449.2856124
PUGJEI_clean,428.590267
QOXFIU_clean,209.8325123
HOWPEQ_clean,297.2080252
HOWPIU_clean,236.4221939
DOZCEC_clean,317.2566156
ZOZHON_clean,359.1995099
YOZRUC_clean,301.4388489
JUGLAA_clean,316.4959286
WORSUT_clean,285.2857442
DOTYES_clean,357.3832531
XULDOZ_clean,358.0800469
DUDKEU_clean,295.1508955
DUDKOE_clean,345.7300938
DUDKUK_clean,393.715018
VUCTOE_clean,313.5975305
VUCTUK_clean,362.7826013
PUGSER_clean,423.7084548
PUGSOB_clean,419.6792204
PUGSUH_clean,406.2869264
ZOYKAB_clean,454.5697825
ZOZKAC_clean,454.5697825
ZOZKEG_clean,474.9998794
SUHMEP_clean,101.9021222
IGINIX_clean,358.3288803
CITZIP_manual,441.101545
CIWYUD_clean,440.9564086
JIVSEN_clean,418.4881098
MIQLII_clean,315.212618
DIVPUU_clean,361.3124729
DIVQAB_clean,340.8886751
IFAQUC_clean,634.8680022
IFAREN_charged,654.3239796
TIXMET_clean,346.5453382
TIXMIX_clean,262.830746
WIYFAM_clean,426.283561
MOFKUO_clean,328.7584323
MOFLAV_clean,313.419164
JIYXUL_clean,219.8478412
DONNAW_clean,421.2674544
DONNEA_clean,448.6674197
DOTTEM_clean,473.992674
SABVOH01_clean,528.5266458
UFENEZ_clean,397.5295674
XOFTIW_clean,337.7891156
GOBSUM_clean,428.2899478
NOFHOG_clean,302.7027027
KOKKOL_clean,410.8366534
QOHTOX_clean,334.5773239
QOHTUD_clean,314.9520117
WOGHEG_clean,262.1121155
BOLPAU_clean,414.7777136
QOKCID_clean,470.9745992
COPXOV_clean,415.2832017
GOMRAC_clean,531.0100078
GOMREG_clean,526.021013
YOMVIG_clean,551.0269735
XOVPUU_clean,278.5396206
XOVQAB_clean,256.0119707
XOVQEF_SL,381.3453481
XOVQIJ_clean,297.4773917
SONTAR_manual,166.5505858
SONTIZ_clean,165.9420569
SONTOF_clean,142.6512485
HOMXIR_manual,427.3573341
FORPIM_clean,429.7406082
FORPOS_clean,438.7340576
FORPUY_clean,436.6096727
FORQAF_clean,424.2570281
FORQEJ_clean,423.6350682
FORQIN_clean,421.8563613
YUPSIM_clean,436.7335835
YUBFOR_clean,242.4113475
HOZTOG_clean,336.973962
LULWUL_clean,432.3133884
HUZKUJ_clean,555.2431062
HUZLIY_clean,533.5480917
HABKOM_clean,365.2041223
ASACON_clean,364.5567117
ASADAA_clean,378.3311249
WAJHOG_clean,419.2079208
ALUJEX_clean,521.4286299
ALUJOH_clean,489.8850977
ALUJUN_clean,455.9234902
ALUKIC_clean,496.1966147
EQUBIC_clean,564.4345035
EQUBUO_clean,537.7991978
WEBKOD_clean,272.085527
MIKJAR_clean,370.6093815
GUSNEN_SL,383.2289501
MINVOU01_clean,383.2289501
MINVUA01_SL,383.2289501
IQEWOQ_clean,344.2904577
AWAREV_clean,389.4896552
AWARIZ_clean,389.4896552
FIJDIM01_clean,255.8132461
FIJDIM02_clean,255.8132461
FIJDIM03_clean,255.8132461
FIJDIM04_clean,255.8132461
FIJDIM05_clean,255.8132461
FIJDIM06_clean,255.8132461
FIJDIM07_clean,255.8132461
FIJDIM08_clean,255.8132461
FIJDIM09_clean,255.8132461
FIJDIM10_clean,255.8132461
FIJDIM11_clean,255.8132461
HENYUV_clean,466.8795546
VEMMAC_clean,188.5737179
VEMMEG_clean,160.371111
VEMMIK_clean,105.7453416
VEMMOQ_clean,225.5301073
KESBOA_clean,420.0616552
JEWYAM_charged,279.7462517
JIXWUJ01_clean,280.9180858
JIXWUJ02_clean,280.9180858
JIXWUJ_clean,280.9180858
TEYHIP_charged,267.6740686
LOFVUY01_clean,155.1320884
LOFVUY_clean,155.1320884
XITYOP_clean,316.405526
OKIVUA_clean,328.4427284
OKIWUB02_clean,325.3059227
OKIYAJ01_clean,334.4039067
XANKOO_clean,398.7856151
KANDIO_clean,404.1819516
UCOCUM_neutral,301.404749
ONUKAL_clean,170.2600534
IBICAZ_clean,258.3897578
IBICED_clean,244.7769182
IBICIH_clean,257.0022245
IBICON_clean,237.932936
DAPBED_clean,360.5922716
HAPVAX_clean,330.8758785
HAPVEB_clean,348.3788938
MEFZUU_manual,398.866269
MEGBAD_clean,399.1714697
MEGBEH_manual,414.6184712
YEYFEP_clean,531.6976206
IMIDZB10_clean,448.5829782
IFASOZ_clean,343.6045079
JIZJAF_clean,359.071411
JIZJEJ_clean,359.071411
JIZJOT_clean,359.071411
JIZJUZ_clean,359.071411
BOHJOZ_auto,326.0291242
RIYWED_clean,432.2071421
HOJLID_clean,370.9620094
HOJLUP_clean,289.2874478
KOSJAF_clean,237.7271839
KOSJEJ_clean,237.7271839
KOSJIN_clean,237.7271839
KOSJOT_clean,237.7271839
KOSJUZ_clean,237.7271839
KOSKAG_clean,237.7271839
KOSKEK_clean,237.7271839
KOSKIO01_clean,237.7271839
KOSKIO_clean,237.7271839
KOSKUA_clean,237.7271839
KOSLAH_clean,237.7271839
KOSLEL_clean,352.3329682
KOSLIP_clean,352.3329682
KOSLOV_clean,352.3329682
KOSLUB_clean,352.3329682
KOSMAI_clean,237.7271839
BUKRUW01_clean,364.0627932
BUKRUW02_clean,364.0627932
BUKRUW03_clean,364.0627932
BOTLED_clean,389.8710045
LOSXIC_clean,156.9702725
SUHBAA_clean,303.8423566
COJGEO_clean,358.5992454
EFEGOM_clean,324.49442
WOJJOV_SL,306.5450644
KOJZEP_manual,285.7801353
KOJZIT_clean,324.9137931
SONTUL_neutral_b,336.2090072
SONVEX_neutral_b,348.3276943
SOYWOT_neutral_b,324.4028962
SOYWUZ_clean,352.4318866
XOXMED_clean,399.4210889
LUFNAC01_clean,392.7690245
LUFNAC02_clean,392.7690245
LUFNAC03_clean,392.7690245
LUFNAC04_clean,392.7690245
LUFNAC05_clean,392.7690245
LUFNAC_clean,392.7690245
LUFNEG_clean,392.7690245
VUJBEI_clean,436.788679
LUFQUZ01_clean,247.5061104
LUFQUZ02_clean,247.5061104
LUFQUZ_clean,247.5061104
MUJRIT_clean,258.9033581
XAJQAC_SL,394.9563353
FUNCAT_clean,349.7188171
FUNCEX_clean,410.2137849
OHUMEL_clean,415.2541572
OHUMIP_clean,336.3779528
EBIZUN_clean,276.7611603
TURFET_clean,221.1002994
BUXZAX_clean,427.9474216
OWIHEJ_clean,397.5860375
OWIHIN_clean,397.5860375
OWIHOT_clean,397.5860375
OWIHUZ_clean,397.5860375
OWIJAH_clean,397.5860375
OWIJEL_clean,397.5860375
OWIJIP_clean,397.5860375
OWIJOV_clean,397.5860375
ARAHIM02_clean,303.6184455
OWIKAI_clean,303.6184455
HAJRES_clean,434.9649606
YERJEL_clean,386.1455526
NUVXOT_clean,376.2741271
EPAVAU_clean,357.9617834
GUJREK_clean,264.4831525
XOQXEH_clean,431.070851
XOQXIL_clean,431.4971639
XOQXOR_SL,429.251202
JOYKUF_clean,426.6327499
OJIWAG_clean,400.9753827
FAMQAO_clean,273.5483516
FAMQES_clean,273.5483516
FAPXEC_clean,539.061494
FAPXIG_clean,539.061494
FAPXOM_clean,539.061494
FAQLUH_clean,539.061494
LIJNOJ01_clean,420.8758921
LIJNOJ_clean,420.8758921
WOLYON_clean,462.2594869
HOQMIL04_clean,344.4371202
COXCUP_clean,491.4412514
IGUTUB_clean,389.7565095
IGUVIR01_clean,371.5607757
IGUVIR_clean,371.5607757
REWNEO01_clean,276.7652274
FIRMUQ_clean,294.3529412
FIRNAX01_clean,330.6817854
FIRNAX_clean,330.6817854
FIRNIF_clean,298.8512949
FIRNOL_clean,297.3793103
FIRNUR_clean,371.8408378
FIRPAZ_clean,276.8564638
LACNUB_clean,186.4668171
OMIMEE_clean,288.3521831
OMIPEH_clean,292.1005647
OMITUB_clean,301.6359441
NIRDAT_clean,381.726122
NIRDEX_clean,264.7910449
EDOYOL_clean,328.2224898
MIMVEJ_clean,352.4978391
LUMDEC_clean,329.3296703
EJUVOU_clean,422.6557384
ILENOC_clean,303.6300998
ATEYED_clean,260.1759433
GUPJEG01_clean,463.9278318
ABAVIJ_clean,413.0359093
OBUFEX_clean,237.3237267
OBUFIB_SL,247.8895646
RAFMUH_clean,444.9899982
FATVOM_clean,255.6586375
YAPYUK_clean,349.9322263
YEDKOI_clean,419.6268483
YEDKUO_clean,344.7337591
YEDLAV_clean,302.5533023
GEFFUT_clean,378.486324
VEMSUC_clean,399.6151175
YEMLOS_clean,392.8967814
YEMLUY_charged,398.2328686
YEMMAF_clean,482.2013703
NEXVUI_clean,308.3040806
CETGOY_clean,334.2481
NEZBOK_clean,349.447221
HEZKIH_clean,411.7314419
WICQIJ_clean,347.7606696
WICQOP_clean,311.4017217
ODONEB_clean,230.9615385
ODONIF_clean,195.9006748
EDOMAM_clean,287.0993399
KIFKAM_clean,594.9327383
KIFKEQ_clean,626.173347
YIPDOR_clean,263.7006127
QISKIN_clean,278.7669164
DITXOU_clean,268.0902498
CIVTEH_clean,260.2968144
SABWUQ_clean,362.8201698
SABXEB_clean,380.6840186
SABXOL_clean,377.6796051
SABYAY_clean,377.2848467
SABYIG_clean,374.3962987
SABYUS_clean,382.0807958
SABZED_clean,379.1177043
GIZVER_clean,490.4955665
AFITEP_clean,207.5941504
AFITUF_clean,311.3575743
MIZKOW_clean,384.2873792
JITPOS_SL,185.8585859
QIRYAS_clean,367.1140806
SOCWOX_clean,381.969272
GIXGOK_clean,305.6151029
SIZPUN_clean,429.715784
DOMCUE_clean,356.5097355
AFOTUL_clean,555.9183194
AFOVAT_clean,542.8181432
AFOVEX_clean,557.0482149
KOGYIP_clean,237.6470588
UFEXEJ_clean,350.2875629
UFEXIN_clean,338.0557516
AFOQUI_clean,373.3615723
NUHZAS_clean,316.8348031
TOPKIT_clean,217.7468961
DOKHIV_clean,317.7997951
DOKHOB_clean,306.3558152
DOKHUH_clean,339.2501744
KOHKIC_clean,412.118815
KOHKOI_clean,407.286148
VONBIK_clean,345.2586207
BONNIC_clean,254.3263395
WOPDEL_clean,226.2666911
QOMDUS_clean,219.1361494
HOGSIG_clean,323.1552304
YOQYOT_clean,374.1750359
XOPLOE_clean,310.6114021
DOQGUM_clean,374.8653175
DOQHAT_clean,375.1905331
DOQHEX_clean,373.1034724
DOQHIB_clean,375.9170489
DOQHOH_clean,386.318221
DOQHUN_clean,372.4353095
TONLOY_clean,263.6939958
MOLRIP_clean,425.3065309
KOLWEO_clean,346.1594324
XOJPIW_charged,183.6380344
VULKIX_clean,375.5532775
VULKOD_clean,330.1376548
NUGRIR_clean,257.6213047
NUGROX_clean,338.4341614
XULCIR_clean,284.7349466
VUKHOZ_clean,278.4236203
UHISOU_clean,590.8839216
DUGBAJ_clean,415.7711003
IGIZAA_clean,441.6894637
DONNAW01_SL,453.8235802
RUHCED_SL,453.8235802
COZMUA_clean,407.7422577
UGUHEK_clean,452.0785437
NUCREJ_clean,367.602212
GUFREF_clean,273.1632653
OGIKAR_clean,315.9818107
OHIHET_clean,215.8397566
OHAZAZ_clean,298.8388839
GUMBIA_clean,236.6336634
OHIHUJ_clean,481.0252678
GULWIU_clean,264.0908179
GULWOA_clean,230.3691275
QULMIU_clean,425.9346118
MUDLON_clean,539.782643
NUVWEH_clean,343.3820066
CUGVUW_clean,336.0513763
VUNXUY_clean,271.7366418
DUKDOD01_clean,306.73528
KUXVIJ_clean,306.73528
DUYRAR_clean,415.9366348
DUYREV_clean,396.4576028
DUYRIZ_clean,387.6283232
DUYROF_clean,409.9188669
DUXKEN_clean,398.5471385
NUYQUU_clean,454.3610191
NUWBOX_clean,384.4262295
XUYXAR_clean,354.5706371
NUVYIN_clean,319.559865
NUVYOT_clean,204.1385724
PUSXIL_charged,350.4161616
DUXMAL_clean,437.7761657
XAHWAG_clean,309.0759878
YUZXAT_clean,375.5666334
CUYWUP_clean,338.6216769
LUPYAX_clean,349.3273991
GAJYUN_clean,261.850287
GAJZAU_clean,312.0003839
GAJZIC_clean,287.4612857
GAJZOI_clean,318.7744705
GAJZUO_clean,399.828168
GAKBAX_clean,420.945083
XUZDUS_clean,211.5166261
EJONOH_clean,380.0809027
XAFXOT_clean,455.049489
ALIXOJ_clean,361.2769004
ALIXUP_clean,259.0928312
EMIYEF_clean,376.3639776
TADCAE_clean,273.5320022
LUYHAP_clean,295.3146938
TADCOS_clean,254.463316
LACGAZ_clean,424.7731085
LACGED_clean,419.1797401
VAJTUX_clean,204.9706015
VAGTAA_clean,359.6547354
EHUCOA_clean,290.9145658
VAGTUU_clean,363.9285952
MAKXAZ_clean,405.4619903
UMELUU_clean,319.4038265
UNEBIZ_clean,426.49525
EHODOV_SL,413.0793653
ULUVUT_clean,327.5180469
UNABUH01_clean,323.1715073
UNABUH_clean,323.1715073
UNACIW_clean,323.1715073
UXABOL_clean,375.1263869
IJEXIF_clean,339.9994695
CUYYAX_clean,361.1127553
LALFUB_clean,229.4763729
LABGAY_clean,403.2248859
ANEPIT_clean,308.0504708
EMAGAB_clean,373.975517
IJEXUR_clean,210.0711218
AMOZAE_clean,479.6983165
KAVTUY_clean,394.6369706
EMICUZ_clean,354.5600467
AMOYOR_clean,326.1068901
LACJAC_clean,389.6023581
EMOSOP_clean,332.3089253
TANFEV_clean,231.2531572
OPOYUO_clean,383.2549266
OPOZEZ_clean,323.710226
AMODUC_clean,587.9625588
AMOFAK_clean,579.7520495
EMEGEJ_clean,329.2455276
EZABAJ_clean,390.7770403
EZABEN_clean,423.0659293
TAPKAY_clean,297.4256402
IQIJIC_clean,446.3055358
KAVTEI_clean,444.0434008
TAQGEZ_clean,320.1925168
NADKEK_clean,272.5587288
EKOPEA_clean,397.5309212
EKOPIE_clean,528.6382776
EKOPOK_clean,415.1674327
EKOPUQ_clean,402.2572178
MAGBON_clean,413.643388
BASSOF_clean,258.4995324
BASSUL_clean,219.9012487
BASTAS_clean,241.5835629
BASTEW_clean,241.6877175
BASTIA_clean,244.7680446
BASTUM_clean,222.277159
ILOJEZ_clean,329.736969
ILOJOJ_clean,235.0660108
AMILOY_clean,385.0819803
EPUXET_clean,276.4641138
ALURAB_clean,345.6068743
ALUREF_clean,343.7343358
ALURIJ_clean,240.48132
EPOXAJ_clean,295.4320113
NABMUA_clean,451.6056549
NUYWEK_clean,338.7802276
NUYWOU_clean,312.8441285
NUZSAD_clean,373.9874465
ELELEN_clean,289.1455998
GAGQAI_clean,207.2898531
MUWQEB_clean,207.2898531
QAGQEW_clean,246.5554421
EPISOM_clean,132.6617935
EPEWAY_clean,301.1684498
UXUZAP_clean,308.026284
OQETEK_clean,579.2994749
EQEREY_clean,467.378925
EQERIC_clean,639.1312089
OQEPUW_clean,325.2821796
EXEQAA_clean,533.3079221
EXEQII_SL,533.3079221
UXUYUI_clean,542.7068388
UVEVAT_clean,390.5740842
IYOWID_manual,410.7596397
XAMHEA_manual,434.3605547
IYOVOI_clean,364.6167558
IYOVUO_clean,358.533896
EZUCIM_clean,202.2917488
HAFWIW_clean,255.2968196
HAFTOZ_clean,348.0297106
HAFVOB_clean,518.5140376
SAMLAV_manual,297.3568883
XALMII_clean,303.4983778
FAMHAE01_clean,220.08924
FAMHAE_clean,220.08924
ETEJIX_clean,149.2757394
ETEJOD_clean,154.2433862
ETEJUJ_clean,169.9366814
ETEKAQ_clean,280.9371394
ETEKEU_clean,167.2576832
EYULOA_clean,283.251261
EBIMEJ_clean,457.477933
HURGUX01_clean,425.2701649
RAXDAX_clean,404.9538298
ISIKIF_clean,367.4893765
ISIKOL_clean,360.4323017
ISIMAZ_clean,346.6912442
ISIMUT_clean,377.8077949
ETAXUT_clean,355.5555556
ETEQUQ_clean,348.1734608
ETAXIH_clean,330.5499596
EBINUA_clean,281.0077487
EBIPIQ_clean,288.771761
ONAWEG01_clean,276.2603825
EBEWIT_clean,486.4525906
EBEXAM_clean,486.4525906
EBIHII_clean,335.7495713
EBELUU_clean,233.1684457
LICKAL_clean,338.9519705
FAKGOP_clean,416.5309735
EBIJAC_clean,343.1392538
FAHPOV_clean,283.4830625
FARHIR_ion_b,364.754883
FARHOX_ion_b,346.7283543
FALVOF_clean,279.4386103
IXUQUO_clean,344.2548191
IXURID_clean,346.8713893
EYACOX_clean,567.3077846
EXOZIB_clean,288.1385586
RALZEL_clean,405.6893762
UTOTUT01_clean,285.2717595
IDAGOL_clean,284.7286822
IDAGUR_clean,279.6582932
CAVMOD_clean,453.2854849
BAKGIF_manual,276.0037924
CAVNOE_clean,344.8755117
KARTAA_clean,371.3168188
UTEWOG_clean,432.6732673
UTEXIB_clean,433.8729903
HADQUA_clean,251.4756349
XALTIP_clean,411.0159119
XALTOV_clean,416.903532
KATDAM_clean,248.113791
ZARLEL_clean,395.7793981
ZARLIP_clean,378.3697962
TAMHUM_clean,92.38415845
ZARVIZ_clean,261.2401822
SAQZOB_clean,373.2057735
RAYFAA_clean,368.5205975
RAYFEE_clean,275.1859529
RAZYIC_clean,387.4771724
XEDGIY_clean,375.8955641
RAYKIN_clean,403.2823708
RAYLAG_clean,431.998006
RAYLOU_clean,409.4946952
GAYPED_clean,381.2272672
RUFMUA01_clean,567.0926995
TECTUS_clean,567.0926995
TECVEE_clean,567.0926995
WEBQIF_clean,252.8686401
NEHGEO_clean,426.6166823
NEHGIS_clean,426.6166823
PEMRIK_clean,405.9265001
CAZNEY_clean,402.9631426
CAZNOI_charged,387.6762295
CAZNUO_charged,403.6363636
ADODII_clean,347.6064734
ADODOO_clean,347.1181813
ADODUU_clean,352.9074737
ADODAA_charged,249.0443955
ZEKRIS_clean,388.4791877
XENMIO_SL,473.9634694
XENMOU_SL,460.1574838
LEVPAF_clean,208.4713715
SEGBIR_clean,318.8368305
LASWEJ_clean,243.2926829
LASWIN_clean,314.9760264
LIDZOP_clean,516.49729
LIDZUV_clean,518.3150593
MAQZOV_clean,318.0072251
GALCAZ_clean,381.8007665
LASMAV_neutral,328.0438161
EBINUA02_clean,289.7314935
LASDEQ_clean,295.7137273
PASKAX_clean,344.241131
SAYTOD_clean,283.4140746
SAYTUJ_clean,320.4124386
MASZOX_clean,267.3560422
MASZUD_clean,292.2208211
ZASTUK_clean,334.3232616
GALJAG_clean,445.8284902
VEGXIQ01_clean,346.0603311
VEGXIQ_clean,346.0603311
VEGXOW_clean,384.0605247
VEGXUC_clean,428.0654584
MATFIY_clean,252.2437862
PASTOU_clean,129.3073534
XAWZOM_clean,323.9216368
PARVUB_clean,370.9365452
WEDXEK_clean,244.4117647
PASNAA_clean,438.1158933
PASNEE_clean,307.3852763
VAYDOQ_clean,422.1129979
GAXKOH_clean,347.8357053
ZEDHIB_clean,210.2597403
VEHJOJ_clean,309.4761806
VEHJUP_clean,326.1999661
VEHKIE_SL,432.3013049
GAXVUY_clean,324.2876526
GAXWAF_clean,308.7642272
GAXWEJ_clean,433.2046332
PEMREG_clean,335.0764617
WECJIZ_clean,245.651762
ZEDLOL_clean,337.1967836
WEFCAN_clean,322.0878464
WEFDAO_clean,374.5941712
WEFDIW_clean,392.5478607
WECFAN01_clean,248.9751553
WECFAN_clean,248.9751553
ZEDQEG_clean,436.0504518
ZEDQOQ_clean,421.0851361
ZEDRAD_clean,417.1886937
SEHLEY_clean,445.8571731
WECBEN_clean,259.0413073
WECBOX_clean,255.3172825
ZEFVEN_clean,327.5373619
REHHOD_clean,397.833859
GEVYEN_clean,388.2832036
XIFLOP_clean,413.6351058
CEKHIL_clean,459.0180351
KIFWUT_clean,268.0822573
KIFXOO_clean,264.0340475
XIDBUJ_clean,346.3144567
REGMOH_clean,326.8954791
REGMUN_clean,329.8197908
LELMIA_clean,537.3728439
REHVAD_clean,332.1918671
REHVEH_clean,303.4290065
NEVJEF_clean,336.5763814
NEVJOP_clean,302.0009364
PEVLIN_clean,313.00849
PELQII_clean,380.7527964
PELXIP_clean,343.1270714
GETXAG_clean,308.3190184
VEHRIL_clean,479.2023037
CAXTAY_clean,328.490437
CAXTEC_clean,292.9533772
CAXZOS_clean,428.2039855
CAXZUY_clean,382.2156953
CAXXEG_clean,336.9230769
CAVRAU_clean,389.2614032
CAVREY_clean,427.4556093
CAVVUS_clean,447.3491327
WAQDOJ_charged,471.521489
WAQFAX_clean,413.6118052
ZAVQIY_clean,345.2922886
KAXFUM_clean,341.7545623
NAYXOC_clean,470.3239032
VAYWEZ_clean,337.3998449
VAYWID_clean,316.6477342
FAZFET_clean,368.6272992
LEVYOC_clean,338.4021384
MEJZIM_clean,351.3419913
MEJZOS_clean,469.5238095
MEJZUY_clean,448.707483
NEGZUW_clean,337.2886428
YAZYIJ_clean,327.5122158
YAZZEG_clean,263.759818
XEQLEM_clean,467.9718791
TETVIZ_clean,434.1480549
TETWEW_clean,305.5546559
ACAKUM_clean,401.0222082
ACALIB_clean,278.7097806
TETWOG_clean,338.0021904
TETWUM_clean,367.9206553
GEZYOB_clean,325.4503226
WENKEH_clean,417.9822405
WENKIL_manual,421.0767669
WENKOR_clean,426.7802076
WENKUX_manual,427.6515152
WENLAE_manual,430.7547525
WENLEI_clean,434.7303004
ZERNIV_clean,508.1083473
FECXES_clean,315.2777075
FECXAO_clean,583.0323314
FECWOB01_clean,408.4200331
FECYUJ_clean,451.8213088
FECZAQ_manual,472.2933691
QAMVEH01_clean,538.8411999
GEGSIW_clean,356.6565646
FEDBEX_clean,426.1938998
VEDFAN_clean,400.6923559
VEDFIV_clean,400.6923559
VEDFOB_clean,400.6923559
VEDFUH_clean,400.6923559
VEDGAO_clean,400.6923559
VEDGES_clean,400.6923559
VEDGIW_clean,400.6923559
ZEDZAL01_clean,560.0040737
ZEDZAL_clean,560.0040737
HARNAR_clean,277.4381126
TEQVAO_manual,423.9161871
LEWMUX_clean,359.4563165
SARNOQ_clean,232.7755488
NATHOH_ion_b,552.3522063
VEWKUF_clean,390.6436766
VEWLAM_clean,389.2634912
VEJHEZ_clean,284.994768
VEJHID_clean,267.545719
QEBGAH_clean,388.1763187
QEBGEL_clean,348.9444747
QEBKUF_SL,420.1153771
FEHCIG_manual,528.9125223
LEVDIB_clean,269.5442749
BETZOR_clean,443.0128524
REWSUJ_clean,241.068917
LEVLEF_clean,79.90134009
SEVLEM_clean,428.9798429
PEVQIS_clean_h,402.7935609
PEVQOY_clean_h,411.1952598
CIDKUX_clean,236.317957
SERLEI_clean,287.1143376
PIJJEZ_clean,382.4215975
IGAGAA_clean,343.2903091
VIMRAM_clean,307.7125429
LIQDAS_clean,407.2704431
QIQZIB_clean,236.3655596
CIRTUU_clean,275.3042592
ZISFEO_clean,457.8577082
QIYDIN01_clean,252.2235263
RETBEZ_clean,385.769285
BERFIP_clean,390.8618516
BERGAI_clean,403.6144248
CETHEQ_clean,219.5292954
PEWGEF_clean,225.5694778
REYPES_clean,345.9973134
REYPIW_clean,262.7382894
WEMNAF_clean,223.9097744
WEMNEJ_clean,229.5601968
REVYUO_clean,320.0805757
BEXVEH_clean,315.7264492
BEXRUT_clean,352.0994244
BEXSAA_clean,281.557318
BEXSEE_clean,352.0201866
BEXSII_clean,275.0944719
BETHEP_clean,304.9769105
BETHIT_clean,304.9769105
HIDBIH_clean,481.6638983
HIDBON_clean,506.6574848
PEVZAT_clean,256.9869049
VICYOX_clean,376.8170027
VICYUD_clean,345.6322657
FERHAN_clean,427.4189113
FEZQEI_clean,260.6412565
DIBWUI_clean,284.852883
DIBXAP_clean,291.4790018
DIBXIX_clean,290.0557731
DIBXOD_clean,289.0108634
VEZMIY_clean,352.3478971
VEZMOE_clean,353.3497993
CELZEA_clean,356.8281938
HICWIB_clean,274.0768017
FIHRIZ_clean,400.4664243
DEZKAW_clean,388.7837282
DEZKEA_clean,397.026723
HICVOG_clean,456.4522779
HICVUM_clean,424.3126713
YIBMUT_clean,397.521097
RIBTAZ_clean,164.0551716
HIHGIQ_clean,391.7776175
HIHGUC_clean,399.4124414
UDOVOA_clean,426.6171659
UDOVUG_charged,402.4691358
ZIGWUJ_clean,343.3133247
HIHFUB_clean,398.503073
HIHGAI_clean,294.8125243
HIHGEM_manual,306.6648499
HIHFOV_clean,320.5280063
SIDCAL_clean,375.6008277
ODIVUU_clean,364.7277507
ZIKCED_clean,260.657662
KIKFIV_clean,385.3472781
IDORIE_clean,356.0498472
OFUYUL_SL,242.9118774
FILYEG_clean,286.642966
ZIJVAR_clean,433.1723087
ZIJSAO_clean,450.0200796
ZILBAZ_clean,437.010603
ZILBIH_clean,439.5221219
TIKMEH_clean,323.1519376
KIGCEK_clean,176.4317841
COKROL_clean,419.4699858
COKRUR_clean,370.6067662
ZIKJIO_clean,307.5497422
ZIKJOU_clean,303.6227942
ODODES_clean,404.7940075
ZIJVOF01_clean,287.4531258
ZIJVOF02_clean,287.4531258
ZIJVOF_clean,287.4531258
NIMWUD_clean,381.396922
YIJYUN_clean,431.3933695
NIRGAY_clean,324.02489
TIJPOT_clean,215.1133924
AGOFEJ_clean,278.6485193
DIWMON_clean,506.6458359
DIWNAA_clean,502.6307125
ZIDDIB_clean,430.7776285
XILLEL_clean,372.6622649
XILLIP_clean,357.8114314
AFUKIX_clean,370.3040054
RIWMUH_clean,336.121958
QIQTAN_clean,270.7968596
QIQVIX_clean,384.186096
CISLUN_clean,272.9225211
CIPCUB_clean,281.7483768
YITHIU01_clean,286.6653655
YITHIU_clean,286.6653655
YITHOA01_clean,290.6776746
YITHOA_clean,290.6776746
CISMEY_clean,401.2910506
CISMIC_clean,352.3733763
HIQWOV_clean,389.7652195
BIRMUM_clean,452.1416158
SISFEH_clean,359.1836735
GITPIK_clean,367.7018634
SIWSUO_clean,207.7992051
SIWTEZ_clean,405.3308824
SIWTOJ_clean,367.5305032
RIRDED_clean,348.7085564
JOFKIA_clean,272.6643305
LITCIC_clean,156.6976188
LITCOI_clean,395.1196803
LITCUO_clean,371.057315
LITDAV_clean,270.7279298
LOLREL_clean,326.5196342
VITYOO_clean,406.334751
VITYUU_clean,365.0090444
VITZAB_clean,334.1040462
VITZEF_clean,328.391894
VITZIJ_clean,358.556213
ZIYPUU_clean,241.1260486
ZIYQAB_clean,361.6724478
GISWEM_clean,241.0494943
KIXXOG_clean,535.7988723
KIYMAI_clean,504.5958722
KIYMEM_clean,386.6570501
KIYMIQ_clean,490.8240795
VIXZUZ_clean,445.6594844
SIVJIS_clean,292.2430627
SIVQAR_clean,335.2454885
SIVVAW_clean,230.4285607
GISZUF_clean,300.6850308
YODRAM_clean,408.413153
MIXKUB_clean,274.9209028
LOCZIO_clean,264.8817622
QIVYUR_clean,269.7791148
QIVZEC_clean,260.130881
WOCGIG_clean,307.8013059
QITZIE_clean,373.5618284
TOBJUR_clean,332.0894707
TOBKAY_clean,310.1838146
TOBKEC_clean,322.9552549
HIVQAG_clean,295.3414227
KEWBUL_clean,423.8285966
CEZFIY_clean,329.3833994
BEXPAX_clean,388.3910112
NEYYUN_clean,367.7395848
NEYZAU_clean,325.8254717
BENZOL_clean,312.2787309
BENZUR_clean,404.8142463
BEPBAB_clean,322.2958057
NEYJIM_clean,191.3232104
HICZAW_clean,441.0208294
HICZEA_clean,459.35676
HIDCUU_clean,454.8873141
CETVAA_clean,380.0045298
DEYXIQ_clean,343.1087764
VICSIL_clean,290.1056629
VICLAW_clean,256.117972
QEWDON_clean,449.9621497
BIDPOV_clean,291.7077905
IWELIG01_clean,470.2394121
PIBGAK_clean,256.8074996
RIBDAJ_clean,276.8558673
RIBDEN_clean,243.25
DEXDER_clean,296.6696782
UDEPIE_clean,288.6372698
FIHFAF_clean,384.0191165
NIJTOR_clean,245.4857143
NIHVUX_clean,349.4261203
RIPKIM01_clean,244.7349106
RIPKIM_clean,244.7349106
XISXEE_clean,354.1079206
SIRZUQ_clean,468.9894894
KOCCUC_clean,380.7452678
PITPEP_clean,301.8389058
SIVGIP_clean,319.7377057
SIVGOV_clean,318.7092782
NIVZOJ_clean,306.4390594
QODHUO01_clean,417.3992454
QODHUO02_clean,417.3992454
QODHUO03_clean,417.3992454
QODHUO04_clean,417.3992454
QODHUO05_clean,417.3992454
QODHUO06_clean,417.3992454
QODHUO07_clean,417.3992454
QODHUO08_clean,417.3992454
QODHUO09_clean,417.3992454
QODHUO10_clean,417.3992454
QODHUO11_clean,417.3992454
QODHUO12_clean,417.3992454
QODHUO13_clean,417.3992454
QODHUO_clean,417.3992454
QODPOQ_clean,423.3342743
QODQEH_clean,423.3342743
QODSUZ_clean,423.3342743
QOFBIY01_clean,423.3342743
QOFBIY02_clean,423.3342743
QOFBIY_clean,423.3342743
QOFCAR_clean,423.3342743
QOFCEV_clean,423.3342743
QOFCIZ_clean,423.3342743
QOFCOF_clean,423.3342743
QOFDAS_clean,423.3342743
QOFDEW_clean,423.3342743
QOFDIA01_clean,423.3342743
QOFDIA02_clean,423.3342743
QOFDIA03_clean,423.3342743
QOFDIA05_clean,423.3342743
QOFDIA06_clean,423.3342743
QOFDIA07_clean,423.3342743
QOFDIA08_clean,423.3342743
QOFDIA_clean,423.3342743
QOFDOG_clean,423.3342743
REWNEO_clean,289.3286705
TILHAZ_clean,330.9915833
DITYOW_clean,180.2875846
SIWZOP01_clean,394.2848613
SIWZOP02_clean,394.2848613
SIWZOP_clean,394.2848613
SOJKOT01_clean,281.7929364
SOJKOT02_clean,281.7929364
SOJKOT03_clean,281.7929364
NOBVOR_clean,377.1232944
WIZKOH_clean,240.348555
BIHMUC_clean,428.6569968
BEPVAV_clean,430.3178535
BEPVEZ_clean,430.3178535
BEPVID_clean,430.3178535
BEPVOJ01_clean,430.3178535
BEPVOJ_clean,430.3178535
FIBHIJ_clean,430.3178535
PEWLUA_clean,266.0382628
BEPREV01_clean,429.7
BEPREV02_clean,429.7
BEPREV03_clean,429.7
BEPREV_clean,429.7
BEPRIZ_clean,379.0245954
BEPROF_clean,429.7237098
BETDAH_clean,506.3453686
BETDEL_clean,506.0803799
BETDIP_clean,494.3823364
BETDUB_clean,450.1518547
BETFAJ_clean,506.1823195
BETFEN_clean,489.5897837
BETFUD_clean,374.6529814
BETGAK_clean,497.5910481
REYJEM_clean,416.7027365
NIMPEG01_clean,272.3356364
NIMPEG_clean,272.3356364
FIPKOG_clean,365.7856869
FIPKUM_clean,388.0182905
XIVMEW01_clean,436.0546329
XIVMEW_clean,436.0546329
SIVGUB_clean,408.3416208
KOJTOU_clean,378.9823773
ZOMNEW_clean,251.1058
ZOMNIA_clean,251.1058
ZOMNUM_clean,208.8206862
KONSAJ_clean,436.9126417
DOLPIF_clean,418.3907989
DOLRAZ_clean,330.3053945
DOPHOH_clean,225.8084291
DOPHUN_clean,212.2098577
DOPJAV_clean,217.2839506
JOLYEQ_clean,475.9160266
GOQSIQ_clean,428.5037361
KOZQEX_clean,271.037037
FOMWOV_clean,310.9380762
COTYIV_clean,257.4442864
YIXYUB_clean,288.8278388
YIXZEM_clean,316.2867996
CODSOF_clean,427.0902652
CODSUL_clean,336.0218897
FOKYIP_clean,574.9569009
WOJZAY_clean,564.8447205
WOJZEC_clean,561.660536
WOJZIG_clean,548.9166667
WOJZOM_clean,565.0199117
QIWCOQ_clean,289.9415563
SIZNIA_clean,324.2853898
DIYKAZ_clean,372.2829212
DIYKED_clean,298.7671776
CIZMIJ_clean,318.8529813
HOFJIX_clean,321.7361993
BIXXIR_clean,344.5728101
BIXYEO_clean,304.1872928
SODQOT_clean,188.89029
ZOHBEF_clean,524.4810825
ZOHBIJ_clean,542.2366827
QOHYET_clean,509.6873322
EGAFOJ_clean,270.6413302
EGAFUP_clean,267.9988576
EGAGAW_clean,270.3086763
EGAGEA_clean,279.8913043
XOLGEM_clean,367.7807077
GOPTIQ_clean,318.1431562
KONFEA_clean,350.3478077
KONFIE_clean,334.4038796
GONTAG_clean,180.3633653
TONLOZ_clean,302.0286012
TONMAM_clean,319.7657775
TONMEQ_clean,312.3090746
QOJYEV_clean,344.7948762
HOGPUQ_clean,494.3237693
HOGQAX_clean,460.6150348
HOGQEB_clean,476.7469268
HOGQIF_clean,422.9285729
CORZIU_clean,364.1433756
COSMII_clean,392.8231061
JORRAL_clean,315.308954
JORSEQ_clean,392.4828767
JORVET_clean,283.3290419
POVZOR_clean,211.0294118
POVZUX_clean,268.3802309
POWBEK_clean,248.0334155
POWBIO_clean,238.5989011
HOHJAR_clean,350.1978022
SOMSIY_clean,451.0181572
FONKEA_clean,408.663486
FONPUV_clean,430.5767351
POLYEW_clean,434.5593898
XOPMIA_clean,268.7142857
JOQSOZ_clean,312.3924549
TOVWIM_clean,424.2667339
FOPBAP_clean,338.3708086
YOJMAN_clean,338.4746803
GOTNEK_clean,245.4545455
GOVXIA_clean,354.7262607
VOXVEL_clean,379.3567444
WOSHET_clean,455.7817489
RUBGUS_clean,359.6560847
QOVSOL_clean,315.3157564
QOVSUR_clean,356.9306155
MUFXUI_clean,465.0105708
MUFYAP_clean,448.1934732
HOCDIO_clean,283.5333263
HOCDOU_clean,271.7075935
KETHEY02_clean,422.8280415
HOFSUS_clean,362.1776377
GETXAG01_clean,303.4375223
NOHKIG_clean,417.897239
NOHKOM_clean,404.8272574
NOHKUS_clean,450.3732778
NOHLAZ_clean,446.3052484
NOHLED_clean,354.9809655
FOHRUR_clean,368.6310905
GONNAA_clean,428.1533643
XOPLUL_clean,347.951385
COQLAX_clean,411.3787345
HOQMUX_clean,517.3361695
HOQNEI_clean,313.1046254
RONSIY_clean,182.7902647
DOKBUC_clean,424.0399747
ZOXTOX_clean,391.2336515
ZOXTUD_clean,340.7416432
ZOXVEP_clean,258.6716121
ZOTKAW_clean,328.4020327
DOHXUV_clean,477.9286694
ROQVIE_clean,513.329912
WIZMAV02_auto,462.6509662
ZOXNEH_clean,216.6914929
XORHET_clean,440.2529894
WOWBER_clean,380.4778281
WOWBIV_clean,425.5317706
WOZWEP_clean,391.0078681
MOXKAN_clean,250.0979435
HOVGIK_clean,378.0474735
YUBQET_clean,376.2048138
COTVIS_clean,349.1296958
JUFREJ_clean,370.8200179
COVYIX_clean,301.4840162
YOVXEO_clean,261.0870318
LUBNAZ_clean,404.4535896
YUDFEK_clean,363.4447215
YUDFIO_clean,328.5591027
YUDFOU_clean,334.9498637
QITXAU_clean,330.9218344
QOFKUT_clean,296.7787793
QOFLAA_clean,307.1735791
BOPHEV_clean,347.8736755
BOPHIZ_clean,344.3899455
NOMQAJ01_clean,316.8423856
VOJGOS_clean,265.3679654
VOGPEO_clean,258.432478
GOQTIR_clean,421.5986395
LOSBOM_clean,381.126597
SOQJOZ_clean,490.4131732
QOVWOP_clean,327.6819418
QOSJEP_clean,297.2302233
QOSJIT_clean,299.9510667
QOSJOZ_clean,296.5066632
QOSJUF_clean,310.5419216
QOSKAM_clean,301.480716
BOWNUY_clean,183.5132584
XOMCIN_clean,399.2505522
XOMCOT_clean,465.0396329
HOKLIE_clean,417.4471076
SOXDAM_clean,428.2038377
SOXDEQ_clean,424.7819005
GOVWOF_clean,309.7088037
OZULUS_clean,236.8540775
OZUMAZ01_clean,236.8540775
OZUMAZ_clean,236.8540775
OZUMIH_clean,236.8540775
DUDZOT_clean,292.4865405
JUGQIN_clean,413.3498086
JUGQOT_clean,464.3475415
RUBDUP_clean,368.6110179
XULRIH_clean,455.6593461
LUMYEZ_clean,333.6412622
LUMYID_clean,312.5596963
LUMYOJ_clean,337.1174798
LUMYUP_clean,312.8490515
LUMZAW_clean,329.4724305
IGETUL_clean,577.0604782
BUPVEP_clean,260.8163681
QUGZEZ_clean,359.4910903
AHEQAH_clean,433.974359
PARKUQ01_clean,315.1136816
RUPVAB_clean,384.6935091
JUQVAU_clean,312.6931787
GUPNUC01_clean,134.3416435
GUPNUC_clean,134.3416435
WURNOO_clean,442.7683885
WUXYOF_clean,365.9777169
RUVCES_clean,285.7677903
SUVNEE_clean,338.3402523
WAHKUO_clean,374.3998366
WAHNEB_clean,358.6461181
WAHNIF_clean,299.6105538
WAHNOL_clean,291.2686184
NAFSOF_clean,276.3043334
FUDGES_clean,429.8562418
FUDHAP_clean,408.0691628
FUDHET_clean,414.8146586
YOZYOD_clean,424.8984676
YOZYUJ_clean,375.6769893
DOTFID_clean,243.1113567
ZUHSEC_clean,439.2096662
ROYREE_clean,299.3607913
ROYRII_clean,159.4632768
NUFBEX_clean,330.8149406
NUFBOH_clean,387.1706143
NUFBUN_clean,431.5275351
NUFCAU_clean,211.9381467
TUFSUK_clean,318.7940006
TUFTAR_clean,352.1258342
EQETAX_clean,295.1505435
EQEROJ_clean,391.8058915
IPIJEY_clean,362.0291096
QUNWAZ_clean,432.5270155
CUQRIR_clean,475.4972875
CUQROX_clean,491.8127976
VUKSOL_clean,286.082996
RUHFEH_clean,152.7559055
RUHFIL_clean,155.8369317
RUHFOR_clean,156.5120238
RUHFUX_clean,158.2073131
RUPTED_clean,337.0294703
JUJZEV_clean,350.3459947
JUJZIZ_clean,339.0088176
MURBEI_clean,397.0001785
MUSSIE_clean,366.4027798
RUWZIU_clean,210.9688836
RUWZOA_clean,239.0359836
RUWZUG_clean,247.8294744
NUTYEI_clean,535.867544
NUTYIM_clean,550.0788325
DUXSIA_clean,338.0390078
RUVBOB_clean,306.6014821
WOXKOL_clean,399.5253818
PUZJOL_clean,346.5127011
PUZKOM_clean,298.3398246
PUZKUS_clean,346.8066132
PUZLAZ_clean,299.8648606
KAKBUW_clean,546.4020701
KAKCAD_clean,517.9682456
KAKCEH_clean,523.0001975
ZACHIX_clean,330.9360669
NAHGUB_clean,363.830735
NAHHAI_clean,274.674746
FAGXIX_clean,483.3576767
FAGXOD_clean,428.7013775
LACBID_clean,280.2399121
GADHIF_clean,352.9548229
WALKAY_clean,125.6778443
VAGBEN_clean,307.0006423
VAGBOX_clean,351.4420682
VAGBUD_clean,317.1302491
LUYSOP_clean,322.160989
NUCBIY_clean,391.3317962
NUCCEV_clean,366.5606367
NUHQAK_clean,474.0359477
NUHQIS_clean,474.0359477
NUHQOY_clean,485.994171
NUHQUE_clean,488.4441489
NUHRAL_clean,504.0086207
XADDAJ01_clean,500.5227273
NUNSIA_clean,192.4932764
NUNSOG_clean,199.5570534
BOXYEU_clean,303.2110848
BOXYIY_clean,298.6359655
RUGYOJ_clean,364.8075804
NUCYAN_clean,345.1113787
NUCYER_clean,383.7302771
NUCYIV_clean,369.6037805
NUNCEG_clean,502.4289693
KUDWAJ_clean,245.2322764
KUKPOX_clean,231.6158977
YUMFUJ_clean,513.5781892
VUMBIQ_clean,219.6825397
LUMZEA_clean,228.7177529
MUJPUE_clean,344.4551103
CUGVUX_clean,284.7667334
GEGGEG01_clean,335
VULFIT_clean,324.5452001
VULFOZ_clean,288.4221055
CUNQOT_clean,188.8963758
CUNQUZ_clean,185.7578564
HUNCUQ_clean,164.3690029
AHOBEG_clean,377.3016491
RUNXUV_clean,296.0345783
WUSLED_clean,458.4396117
AJAKON_clean,358.5838509
FUWFIO_clean,309.1071478
FUWFOU_clean,308.8954438
XUVQOW_clean,232.9626515
LUSHOX04_clean,517.5703696
WURKEB_clean,491.3254627
ZUZZEB_clean,554.7945205
QUTVIM_clean,184.3900265
RUXKUS_clean,191.5329321
DUYVEA_clean,262.0955213
PACYIE_clean,369.1821301
PACGIM_clean,538.1959162
NAHNES_clean,303.1813953
SUWQEI_clean,489.9533533
FAGVUH_clean,304.9626213
GADDOH_clean,289.9778058
GADFAV_clean,411.3646636
LABKIL_clean,278.444436
YUYGOQ_clean,368.0361872
YUYLIP_clean,360.9532694
BURQIQ_clean,307.9549236
VUKJOC_clean,486.4906446
VUKJUI_clean,494.97999
VUKTAY_clean,452.4206819
VUKTEC_clean,450.4581768
VUKTIG_clean,491.4066403
VUKTOM_clean,524.9447403
VUKTUS_clean,504.8377604
JADMAF_clean,350.3029844
NUCPEI_clean,388.0668882
XACSIG_clean,393.7341732
HOWJEK_clean,373.7435641
KUMBOL_clean,504.779036
KUMBUR_clean,504.779036
KUMJIN_clean,504.779036
TUKCOT_clean,386.502204
TUKCUZ_clean,339.927402
TUKDAG_clean,385.5163935
GUHMIH_clean,315.3705848
HUNFIH_clean,374.7001091
HUNFON_clean,389.8570456
DURDAX_clean,412.5935212
DURDIF_clean,403.0256499
VUWRUC_clean,534.3260441
VUWSAJ_clean,492.0219066
ZUTBIB_clean,439.8232932
ZUTBUN_clean,254.585034
LUZJAT_clean,401.7351356
MUTDEM_clean,443.2908136
MUTDIQ_clean,453.041105
PAFMUH_clean,291.7293233
KAJZIH_clean,345.6726989
MALWUU_clean,346.9631596
QUNVIG_clean,350.279221
CUQSAK_clean,276.9290651
CUQTAL_clean,286.3094563
HUSJUC_clean,550.0545214
ZUWXUM_clean,364.9172963
NAHDIM_clean,523.4826762
WUDTIA_clean,500
WUDTOG_clean,489.3241749
WUDVEY_clean,499.9051783
BOVHEB_clean,364.551348
MUNLUE_clean,471.6042781
DUPKAC_clean,440.8999517
JUSKAL_clean,410.097078
WUPZUE_clean,234.3169026
FUSQUH_clean,405.4773462
VURLIF_clean,418.4923641
MAFLUD_clean,414.9470464
MAFMAK01_clean,418.9227677
LADQEP_clean,538.26024
LADQIT_clean,502.1696843
LADQOZ_clean,519.2071732
LADQUF_clean,504.1481398
NAHFIO_clean,270.7328693
NAHFOU_clean,251.3961949
UJUPUM_clean,178.7064677
APACAX_clean,342.2996732
URUVUA_clean,209.4438109
MAWFEY_clean,278.0259967
MAWFIC_clean,281.5798045
QADWEA_clean,397.4860215
QADWIE_clean,374.8407102
QADWOK_clean,376.4293727
QADWUQ_clean,384.9853483
QADXAX_clean,385.7414208
OKELIB_clean,432.2999638
OKELOH_clean,402.6181649
UKUTEB_clean,401.9135396
VACLIX_clean,445.6296014
ORAGOF_clean,478.4019064
ENOSAD_clean,488.692173
IREKUN_clean,405.2404191
IRELAU_clean,350.6704922
APAYIB_clean,558.0178169
APAYOH_clean,555.4154193
APAYUN_clean,565.6363899
APAZAU_clean,546.5381127
APAZEY_clean,547.4211165
APAZIC_clean,564.1966802
APAZOI_clean,587.6992751
EQOXIT_clean,346.8703148
ENESOH_clean,587.3612126
ENESUN_clean,585.1969907
AQOSEG_clean,411.8706875
ERUVEU_clean,356.2689715
ESANET_clean,361.8806434
LEPLEZ02_clean,116.2735849
OSURAX_clean,367.6803552
AVESOL_clean,337.2330495
AVESUR_clean,381.1837047
AVETEC_clean,371.5243416
OYERER_clean,335.5575389
OYERIV_clean,351.9175627
OYEROB_clean,316.6165688
OYERUH_clean,360.7599562
IYEQUA_clean,331.9050488
AZAFIS_clean,397.7752142
IYAJID_clean,390.0591007
IYAJOJ_clean,343.2098765
IYAJUP_clean,353.0053476
IYAKIE_clean,408.9726027
OBIBAF_clean,309.2421258
OBIBEJ_clean,346.6925462
OBIBOT_clean,349.2697042
EBOBIJ_clean,344.6391213
EBOCOQ_clean,280.5529954
ODEZAB_clean,307.805331
DANROC_clean,223.2953873
XATLIQ_clean,388.8733942
ENOVAG_clean,479.5915165
UMOKIS_clean,333.7986311
UJUQIB_clean,282.4397824
UJULIW_clean,269.9280716
OKILUR_clean,366.6093784
OKIMAY_clean,337.4956963
OKIQEG_clean,371.0657358
IKOKEA_clean,472.2709295
IQABEJ_clean,401.3944483
INIRII_clean,430.8530511
OPIFUQ_clean,367.4231498
ERIWAF_clean,261.2982067
ETEMIB_clean,253.358562
IXISOZ02_clean,306.2381898
DAMYOI_clean,556.3915468
DAMYUO_clean,556.3915468
IYUCEM_clean,464.2801048
IBUBAL_clean,261.4853784
IBUBIT_clean,298.7205314
ZALMIL_clean,335.7884876
BAPDAA_clean,382.4097938
IZIHAC_clean,423.6916598
IZIHEG_clean,441.713352
IZIHOQ_clean,440.0057728
EQAMUG_clean,436.0462461
ORANAY_clean,486.8555296
OBUREL_clean,296.4610981
OCAWAT_clean,382.3666473
OLOPEM_clean,298.8827137
UWUKII_clean,414.6546995
IYEHAX_clean,269.8312066
UWALEL_clean,230.3660905
AXUDII04_clean,267.3327596
HAFSOZ_clean,405.6995844
IZEWAN_clean,388.1620195
BAKYOE_clean,188.7982636
CUTBEA_clean,381.7614965
CUTBIE_clean,379.4915826
CUTBOK_clean,363.026557
ERULEK_clean,347.3773476
UREVOE_clean,375.7392843
EVADIQ_clean,499.6794339
ERIJUM_clean,309.7523186
EZEQEH_clean,515.3441157
EZEQIL_clean,517.3545639
EZEQOR_clean,522.4910697
EZEQUX_clean,526.3080842
EYINOR_clean,254.8745199
IZEQUB_clean,373.3385889
IZERAI_clean,426.9673019
EZIPEK_clean,461.3933432
AVILEY_clean,382.3010297
AVEQID_clean,335.6301962
AWAJIT_clean,367.5571233
UXIQOJ_clean,423.7561914
ABEXEN_clean,303.6005196
GAMFEI_clean,416.7485584
ESURER04_clean,450.5813768
RAJFAM_clean,454.1502676
RAJFEQ_clean,454.1502676
HAJDII_clean,277.614917
SAJDIT_clean,256.7870865
WAXJAJ01_clean,389.8731895
WAXJAJ_clean,389.8731895
YAVZUT_clean,279.4976083
YAWBAC_clean,349.539763
NAWDUN_clean,219.3176659
NARMUR_clean,363.8648794
MATWUC_clean,264.8834019
MATXAJ_clean,326.4636488
MANDUD_clean,473.7448995
VAXMUF_clean,240.8244149
VANHEA_clean,428.5454545
MAWTUC_clean,235.6335283
MAWVAK_clean,235.6335283
YAVWUQ_clean,301.8293737
SAHXAD_clean,362.8201709
FATQID_clean,316.2348339
NARPOO_clean,359.586957
NARPUU_clean,367.6258993
GAVYAG_clean,307.4556602
GAQKOB_clean,261.5441113
WAPSUE_clean,598.9593238
NATFAS_clean,371.6014893
WANHIF_clean,316.547023
NAWHOL_clean,369.3698806
XAPTEQ_clean,360.4327973
UCUJOU_clean,305.597601
MAPCUE_clean,298.3354807
MAPLEX_clean,295.2940629
GITTUZ_clean,377.1167114
GITVEL01_clean,305.8099234
GITVEL_clean,305.8099234