name, stability
ABAVIJ_clean,1
ACOLEL_clean,1
ACOLIP_clean,1
AFENEE_clean,1
AGUTUS_clean,-1
AGUWUV_clean,-1
AHOBEG_clean,1
AHOJUC_clean,-1
AHOKAJ_clean,-1
AHOKIR_clean,1
AHOKOX_clean,1
AJINOY_clean,1
AJUNOK_clean,1
ANEHEI_clean,1
AQALIO_clean,1
AQALOU_clean,1
ARAHIM02_clean,1
ARUCOH01_clean,-1
ARUCUN_clean,-1
ARUDAU_clean,-1
ASAJOU_clean,1
ATIBIO_clean,1
AVESAW_clean,1
AVUJIL_clean,-1
AVUPIR_SL,-1
AWAJIT_clean,1
AXAQAT_clean,1
AXUHIL_clean,1
AZILEA_clean,1
BAHGUN01_clean,1
BAKGAX_clean,1
BAXFIR01_clean,-1
BAXFIR02_clean,-1
BAXFUD_clean,-1
BAXGAK_clean,-1
BEFKUU_clean,1
BEFLAB01_clean,1
BEFLEF_clean,1
BEFLIJ_clean,1
BEFMAC_clean,1
BEFMOQ_clean,1
BEFMUW_clean,1
BEFNAD_clean,1
BEFNEH_clean,1
BEFNIL_clean,1
BEFNUX_clean,1
BEJZAS_clean,-1
BELYIC_clean,1
BENXUP_clean,-1
BEPVAV_clean,1
BOCTEU01_clean,-1
BOCTOE_clean,-1
BOCTOE01_clean,-1
BOCTOE02_clean,-1
BOCTOE03_clean,-1
BOCTOE04_clean,-1
BOCTOE05_clean,-1
BONWAD_clean,1
BONWIL_clean,1
BOPHEV_clean,1
BOPWIO_clean,1
BOTLED_clean,1
BUCVAY_clean,-1
BUCVIG_clean,-1
BUSGIG_clean,1
BUSGOM_clean,1
BUSQEM_clean,-1
BUSQIQ_clean,1
BUSQUC_clean,-1
BUVHEH_clean,1
CAHQOS_clean,1
CAJHUS_clean,1
CAKXET_clean,-1
CAKXIX_clean,-1
CAKXOD_clean,-1
CAKXUJ_clean,-1
CAKYAQ_clean,-1
CAKYEU_clean,-1
CAKYIY_clean,-1
CARGEI_clean,1
CAVTAW_clean,1
CAWZUX_clean,-1
CEFLEF_clean,1
CEHTEP_clean,-1
CELZIE_SL,1
CEZFIY_clean,1
CISMEY_clean,1
CISMIC_clean,1
CIYZUG_clean,1
CIZTIP_clean,-1
CODFEH_clean,-1
CODSOF_clean,-1
CODSUL_clean,-1
COKFAK_clean,-1
COMGUH_clean,1
COTVIS_clean,1
COWXOC_clean,-1
CUGVUX_clean,-1
CUKVUA_clean,-1
CUKXAJ_clean,-1
CUKXIR_clean,-1
CUWNOZ_clean,1
CUYHIO_clean,1
CUYRUK_clean,1
CUYVOI_clean,1
CUZBUW_clean,-1
DADNII_clean,1
DADNOO_clean,1
DADNUU_clean,1
DADPAC_clean,1
DADPEG_clean,1
DAFYER_clean,1
DALSAN_clean,-1
DALSER_clean,-1
DANROC_clean,-1
DATHAJ_clean,1
DAWDAI_clean,-1
DEJCEB_clean,1
DEZKEA_clean,-1
DILXED_clean,1
DIMJUG_clean,1
DIMKER_clean,1
DIMKIV_clean,1
DIMKUH_clean,1
DIVQAB_clean,-1
DOKBUC_clean,1
DONKUO_clean,1
DOQRUY_clean,1
DUBBEI_clean,1
DUDKEU_clean,1
DUDZOT_clean,1
DUFZOU_clean,1
DUFZUA_clean,1
DUGBAJ_clean,1
DUHXIP_clean,1
DUKYOZ_clean,1
DUNJON_clean,-1
DUQSEO_clean,-1
EBAVIP_clean,1
EBAVOV_clean,1
EBAVUB_clean,1
EBAWIQ_clean,1
EBEMEF_clean,-1
ECIYEU_clean,-1
EDADET_clean,1
EGUNAX_clean,1
EHAFEA_clean,-1
EHAFIE_clean,-1
EHAFOK_clean,-1
EHAFUQ_clean,-1
EHAGAX_clean,-1
EHAGEB_clean,-1
EHAGIF_clean,-1
EHAGOL_clean,-1
EHAGUR_clean,-1
EJONOH_clean,-1
EJUVOU_clean,1
ELUJAY_clean,1
ELUJEC_clean,1
EPECIN_clean,1
EPOXAJ_clean,-1
ERUNIQ_clean,1
ETECIR_clean,1
ETIXEM_clean,-1
EVUMUE_clean,-1
EVUNAL_clean,-1
EVUNEP_clean,-1
EVUNIT_clean_h,-1
EWESAC_clean,1
EWILON_clean,1
EZABAJ_clean,-1
EZABEN_clean,-1
FAFCEW_clean,1
FAHBIC_clean,1
FAJZOI_clean,-1
FALQEQ_clean,-1
FALQIU_clean,-1
FALQOA_clean,-1
FAWCEN_SL,1
FAWCEN01_SL,1
FAWCEN02_SL,1
FAWCEN03_SL,1
FECWOB01_clean,1
FERVEF_clean,1
FERVIJ_clean,1
FERVOP_clean,1
FERVUV_clean,1
FIBHIJ_clean,1
FIFPOA_clean,-1
FIVQIL_clean,-1
FIVYUF_clean,-1
FOVPOX_clean,1
FOVPUD_clean,1
FOWTOC_clean,1
FOXHUX_clean,1
FOXPUE_clean,-1
FUNGAY_clean,1
FUWFOU_clean,1
GADHIF_clean,1
GAFBEX_clean,1
GAGTAM_clean,1
GAGTEQ_clean,1
GAMTAQ_clean,-1
GAMTEU_clean,-1
GAMTIY_clean,-1
GAMTOE_clean,-1
GAMTUK_clean,-1
GAMVAS_clean,-1
GAXVUY_clean,-1
GAXWAF_clean,-1
GAXWEJ_clean,-1
GELVEZ01_clean,1
GELVEZ02_clean,1
GELVID01_clean,1
GESNOI_clean,1
GIKMOD_clean,-1
GIRYEN_clean,-1
GIRYIR_clean,-1
GIRYOX_clean,-1
GIRYUD_clean,-1
GIRZAK_clean,-1
GITTOT_manual,1
GITTOT01_manual,1
GIWNUV_clean,-1
GIZVER_clean,1
GOBXAY_clean,1
GOQTIR_clean,1
GOSRIP_clean,-1
GOWHOR_clean,1
GUPJEG01_clean,1
GUPNUC_clean,-1
GUPNUC01_clean,-1
HADDOI_clean,1
HADQUA_clean,-1
HADXOC_clean,1
HADYAP_clean,1
HAJLEK_clean,1
HAJLIO_clean,1
HAJLOU_clean,1
HAJLUA_clean,1
HAJMAH_clean,1
HAJMEL_clean,1
HAJYEZ_clean,-1
HAKSEU_clean,-1
HAKSIY_clean,-1
HAKSOE_clean,-1
HAKTAR_clean,-1
HAKTOF_clean,-1
HAKVAT_clean,-1
HARNAR_clean,1
HIMSAY_clean,-1
HISJAW_clean,1
HIWXER01_SL,1
HOLQIK_clean,1
HOXSAQ_clean,1
HOZDIL_clean,1
HULTEN_clean,-1
HUNFIH_clean,1
HUNFON_clean,1
HUSQES_clean,1
HUTTIA_clean,1
HUYXOP_clean,-1
HUYXUV_clean,-1
HUZKUJ_clean,-1
HUZLIY_clean,-1
IBOTAU_clean,-1
ICIZOL_clean,1
IDAGOL_clean,1
IDAGUR_clean,1
IDORIE_clean,1
IFAQUC_clean,-1
IGUTUB_clean,-1
IGUVIR_clean,-1
IHOTEG_clean,-1
IJASES01_clean,1
IJENER_clean,1
ILOJEZ_clean,1
ILOSOS_clean,-1
ILOTOT_clean,1
INIXOT_clean,1
IPIHIA_clean,1
IQIDES_clean,-1
IQINAZ_clean,1
IQIPAZ_clean,1
ISIKIF_clean,1
ISIKOL_clean,1
ISIMAZ_clean,1
ISIMUT_clean,1
ITETEH_clean,1
IVEQEG_clean,1
IYIGEC_clean,1
IYUROK_clean,1
JABMEF_clean,-1
JADMAF_clean,1
JAHNEM01_clean,-1
JAHNEM02_clean,-1
JAHNEM03_clean,-1
JAKBUV_clean,-1
JEJKEP_clean,1
JEJKIT_clean,1
JEMNAR_clean,1
JEXWUF01_clean,1
JEXXAM05_clean,1
JEXXAM06_clean,1
JIWKUW_clean,1
JODFOZ_clean,1
JORSEQ_clean,1
JUJTAL_clean,-1
KASPOL_clean,1
KEDNOY_clean,-1
KEHDOS_clean,-1
KEHGEL_clean,-1
KEHGOV_manual,-1
KETHEY02_clean,1
KIDXUR_clean,-1
KIFWUT_clean,-1
KIFXOO_clean,-1
KIKDIT_clean,1
KILJEV_clean,-1
KINDIW_clean,1
KINLAW_clean,1
KISPOS_ion_b,-1
KIXKOS_ion_b,-1
KIXXOG_clean,1
KIYJAF_clean,1
KIYMAI_clean,1
KIYMEM_clean,1
KIYMIP_clean,1
KOMGUP_clean,1
KOMHAW_clean,1
KONFEA_clean,-1
KONFIE_clean,-1
KORMOV_clean,1
KUFVEO_clean,1
KUFVIS_clean,1
KUQWIE_clean,-1
KUTRIC_clean,1
KUTRUO_clean,1
LAXGOH03_clean,1
LEDPIU_clean,1
LEDWUN_clean,1
LEQVIN_clean,1
LEVYOC_clean,-1
LIFSAW_clean,-1
LIFSEA_clean,-1
LIHRIE_clean,1
LIHSIF_clean,1
LIJNOJ_clean,-1
LIJNOJ01_clean,-1
LIQFEY_clean,1
LITCUO_clean,-1
LIVREP_clean,1
LIXWEV_clean,-1
LOFZUB_clean,1
LOGBAK_clean,1
LOGBEO_clean,1
LOLQIM_clean,-1
LUJBAV_clean,-1
LUNWEW_clean,1
LUTSEA_clean,1
LUYSEF_clean,1
MABJUV_clean,1
MABJUV01_clean,1
MAFZOK_clean,1
MAGBIH_clean,1
MAGVOG02_clean,-1
MAGVOG03_clean,-1
MAGVOG04_clean,-1
MAGVOG05_clean,-1
MAGVOG06_clean,-1
MAGVOG07_clean,-1
MAGVOG08_clean,-1
MAGVOG09_clean,-1
MAGVOG10_clean,-1
MAGVOG11_clean,-1
MAGVOG12_clean,-1
MAGVOG13_clean,-1
MAGVOG14_clean,-1
MAGVOG15_clean,-1
MAGVOG16_clean,-1
MAGVOG17_clean,-1
MAGVOG18_clean,-1
MAGVOG19_clean,-1
MAGVOG20_clean,-1
MAGVOG21_clean,-1
MAGVOG22_clean,-1
MAGVOG23_clean,-1
MAGVOG24_clean,-1
MAGVOG25_clean,-1
MAGVOG26_clean,-1
MAGVOG27_clean,-1
MAGVOG28_clean,-1
MAGVOG29_clean,-1
MAGVOG30_clean,-1
MAGVOG31_clean,-1
MAGVOG32_clean,-1
MAGVOG33_clean,-1
MAGVOG34_clean,-1
MAGVOG35_clean,-1
MAKGEN_clean,1
MAKGOX_clean,1
MAKGUD_clean,1
MAKHAK_clean,1
MAPHAP_clean,-1
MATVIN_clean,1
MAYPIM_clean,1
MECWEX_manual,1
MIHBAG_clean,-1
MIJFIU_clean,-1
MIRLUU_clean,1
MITGIF_clean,1
MITGUR_clean,1
MITGUR01_clean,-1
MIXKUB_clean,1
MOBBOU_clean,1
MODMIB_clean,-1
MOFLAV_clean,1
MOLRIP_clean,1
MONQIR_clean,1
MONWET_clean,-1
MOQNUB_clean,-1
MUFXUI_clean,1
MUFYAP_clean,1
MUPYIG_clean,-1
MUPYOM_clean,-1
MUPYUS_clean,-1
MUTNAQ_clean,1
NABNUA_clean,-1
NAHDIM_clean,1
NAHGUB_clean,1
NAQLAT_clean,1
NARPOO_clean,1
NARPUU_clean,1
NAWHOL_clean,1
NERVEL_clean,1
NERVOV_clean,1
NIJTOR_clean,1
NIMWUD_clean,-1
NIRDAT_clean,-1
NIRDEX_clean,1
NOJBOF_clean,-1
NOMQAJ01_clean,-1
NUHZAS_clean,1
NUNTOH_clean,1
NUNWIE_clean,1
NUXMAU_clean,1
NUYQUU_clean,1
OBUREL_clean,1
OCIHIS_clean,1
OCOKUP_clean,-1
OCUQIN_clean,1
OCUQOT_clean,1
OCUQUZ_clean,1
OCURAG_clean,1
OCUSOV_clean,1
OCUSUB_clean,1
OCUTEM_clean,1
ODIXAC_charged,1
OFERUN_clean,1
OGAQES_clean,1
OGUJIL_clean,-1
OHAQEU_clean,-1
OHIHET_clean,1
OKILUR_clean,1
OKIMAY_clean,1
OKINIG_clean,1
OMAMEU_clean,-1
OMICOD_clean,1
OPOYUO_clean,-1
OPURIB_clean,1
OPURIB01_clean,1
OQUWUU_clean,1
ORANAY_clean,1
OSAXAI_clean,-1
OSUGUG_clean,1
OTAXOX_clean,1
OTENEH_charged,1
OTUXUX_clean,1
OVEXOD_clean,-1
OVIDON_clean,1
OVIWIA_clean,1
OVIZOJ_clean,1
OVIZUP_clean,1
OWIKAI_clean,1
PAFMUH_clean,1
PAMVEG_clean,1
PAPVEJ_clean,-1
PAPVIN_clean,-1
PAQJUM_clean,1
PEDGUA_clean,1
PEJRED_clean,-1
PEMRIK_clean,1
PENXUC_clean,1
PENYIR_clean,1
PENZUE_clean,-1
PERSEM_clean,1
PEVBUP_clean,1
PEWFII_clean,-1
PIGHIX_clean,-1
PIGHIX01_clean,-1
PIHNUQ_clean,1
PIHWOU_clean,-1
PIJDIX_clean,-1
PIRYOF_clean,-1
PIWRAQ_clean,1
PIZHEN_clean,-1
POHLOP_clean,-1
POHLUV_clean,-1
POHMAC_clean,-1
POLYEW_clean,1
PUFXIZ_clean,-1
PUFXUL_clean,-1
PUMGIP01_clean,1
PUNCIL_clean,1
PUNFIO_clean,1
PURNEX_clean,-1
PURNIB_clean,-1
PURRIE_clean,-1
PUVREF_clean,-1
PUZKOM_clean,-1
QAJJOB01_clean,-1
QAKFIU_clean,-1
QANSUV_clean,1
QAPPUT_clean,1
QAPQEE_clean,1
QARCET_clean,-1
QARTAG_clean,1
QARTEK_clean,1
QEJYIP_clean,1
QERWAL_clean,-1
QERZUI01_clean,1
QEYWUN_clean,1
QEZYUR_clean,1
QEZZAY_clean,1
QEZZEC_clean,1
QIPROY_clean,1
QISVAQ_clean,-1
QISVEU_clean,-1
QITZIE_clean,-1
QIVBUT_clean,-1
QOBWEJ_clean,1
QOBWIN_clean,1
QODHUO01_clean,-1
QODHUO02_clean,-1
QODHUO04_clean,-1
QODQEH_clean,-1
QODSUZ_clean,-1
QOFDIA06_clean,-1
QOFDIA07_clean,-1
QOFDIA08_clean,-1
QOHTOX_clean,1
QOJYEV_clean,1
QOPPOC_clean,1
QOVGOY_clean,1
QOVSUR_clean,1
QOVWOP_clean,1
QOXNIB_clean,-1
QUFFED_clean,-1
QUFGED_clean,-1
QUFGIH_clean,-1
QUFXIZ_clean,1
QUGZEZ_clean,1
QUJKOX_clean,1
QUQHAM_clean,1
QUTVIM_clean,-1
RABNOX_clean,1
RAFMUH_clean,1
RAHMAP_clean,1
RANNOM_clean,1
RANNUS_clean,1
RARYOZ_clean,-1
REGMOH_clean,1
REGMUN_clean,1
REJVOS_clean,1
RESSAK_clean,1
RESWUI02_clean,1
REYBAA_clean,1
REYCEF_clean,1
REYCOP_clean,1
RICHIV_clean,1
ROMQAN_clean,-1
ROMQER_clean,-1
ROQDIM_clean,-1
ROQDIM01_clean,-1
ROQDIM02_clean,-1
ROQDIM03_clean,-1
ROQDIM04_clean,-1
ROQFUA_clean,-1
ROQFUA01_clean,-1
ROQFUA02_clean,-1
ROQFUA03_clean,-1
ROQFUA04_clean,-1
ROQFUA05_clean,-1
ROQFUA06_clean,-1
ROQMER_clean,-1
ROQMER01_clean,-1
ROQMER02_clean,-1
ROQMER03_clean,-1
ROQNES_clean,-1
ROQNES01_clean,-1
ROQNES02_clean,-1
ROQNES03_clean,-1
ROQNES04_clean,-1
ROSKER_clean,1
RUDQUD_clean,1
RUFMUA01_clean,1
RUJGOT_clean,-1
RULXOM_clean,1
RUVKOJ_clean,1
SAJJOF_clean,1
SAXFII_clean,-1
SETPEO_clean,1
SETWOF_clean,1
SETWUL_clean,1
SETXAS_clean,1
SEYDUW_clean,1
SEYFAE_clean,1
SEYFEI_clean,1
SIRBIG07_clean,1
SIRZUQ_clean,1
SIYXIH10_clean,-1
SOCKOM_clean,1
SOCLAZ_clean,1
SOCNAB_clean,-1
SOTXEG_neutral,-1
SUFJIO_clean,1
SUFJOU_clean,1
SUJQOE_clean,-1
SUJREV_clean,-1
SUJRIZ_clean,-1
SUTJIC_clean,1
TACFIN_clean,-1
TACJIS_clean,1
TAGBUZ_clean,-1
TAQGUQ_clean,1
TAVCIF_clean,1
TAVQEN_clean,-1
TECTUS_clean,1
TEQPAI_clean,1
TEQVAO_manual,1
TEYLIU_clean,1
TIGQOR_clean,1
TIGQUX_clean,1
TIKXER_clean,-1
TIQGOQ_clean,1
TIQGUW_clean,1
TIQHAD_clean,1
TIQHEH_clean,1
TIQHIL_clean,1
TISJOW_clean,1
TOHYOF_clean,-1
TORJER_clean,1
TORJIV_clean,1
TORKAO_clean,1
TOWNAW_clean,1
TUFSUK_clean,-1
TUFTAR_clean,-1
TUKCUZ_clean,1
TUKDAG_clean,1
TUVDIX_clean,1
TUVDOD_clean,1
TUVDUJ_clean,1
UBACOR_clean,1
UBOGAV_clean,1
UDEGIW_clean,1
UDEPIE_clean,1
UDOVOA_clean,-1
UFENEZ_clean,1
UFISOS_clean,-1
UFISUY_clean,-1
UFITEJ_clean,-1
UFUNAK_clean,1
UGUXAV_clean,1
UHAXUW_clean,1
UHISOU_clean,-1
UJAQAY_clean,-1
UJAQEC_clean,-1
UJEFOE01_clean,1
UJOJAG_clean,-1
UJOJEK_clean,-1
UJOJEK01_clean,-1
UJOJEK02_clean,-1
UJOJIO_clean,-1
UJOJIO01_clean,-1
UJOJIO02_clean,-1
UJOJIO03_clean,-1
UJOJIO04_clean,-1
UJOJIO05_clean,-1
UJOJIO06_clean,-1
UJOJIO07_clean,-1
UJOJOU_clean,-1
UJOJOU01_clean,-1
UJOKIP_clean,-1
UJOKIP01_clean,-1
UJOKIP02_clean,-1
UJOKIP03_clean,-1
UJOKIP04_clean,-1
UJOKIP05_clean,-1
UKEXEP_clean,-1
UKUPEX_clean,-1
UKUTEB_clean,1
UMELUU_clean,-1
UNEBIZ_clean,1
UQOWUU_clean,1
USIRUL_clean,1
UTACUP_clean,-1
UTOTUT_clean,1
UTOTUT01_clean,1
UVASAM01_clean,1
UVUGAV_clean,1
UYOJOI_clean,1
UZIGOB_clean,-1
VAJTUX_clean,1
VAPBEV_clean,-1
VAPBIZ_clean,-1
VAYFUY_clean,1
VAYWEZ_clean,-1
VAYWID_clean,-1
VAZKUE_clean,1
VAZLAL_clean,1
VAZLEP_clean,1
VAZLIT_clean,1
VAZLOZ_clean,1
VAZLUF_clean,1
VAZMAM_clean,1
VAZMEQ_clean,1
VAZMIU_clean,1
VAZMOA_clean,1
VEGXIQ_clean,1
VEGXIQ01_clean,1
VEGXOW_clean,1
VEGXUC_clean,1
VEHLAW_clean,-1
VEHLEA_clean,-1
VEHLEA01_clean,-1
VEHLIE_clean,-1
VEHYUE_clean,-1
VEMSUC01_clean,1
VERZID_clean,1
VERZOJ_clean,1
VERZUP_clean,1
VETVAS_manual,1
VIFBUJ_clean,1
VIRQES_clean,1
VIWLIY_clean,-1
VIWLOE_clean,-1
VIWMAR_clean,-1
VIWMEV_clean,-1
VIXTUT_clean,-1
VIXVUV_clean,-1
VIXZUZ_clean,1
VIZQEC_clean,1
VONBIK_clean,1
VOPHUF_clean,-1
VOTKEW_clean,1
VUCTOE_clean,1
VUCTUK_clean,1
VUMCEM_clean,-1
VUNXUY_clean,-1
VUNYUZ_clean,-1
WAQQUB_clean,1
WEDWUZ_clean,-1
WEDXAG_clean,-1
WEDXEK_clean,-1
WIDZOA_clean,1
WIDZUG_clean,1
WOHZAU_clean,1
WONRUM02_clean,-1
WOPHEQ_clean,1
WOPHIU_clean,1
WOPHIU01_clean,1
WUBHEI_clean,1
WUDQIW_clean,-1
WUDTIA_clean,1
WUDTOG_clean,1
XACFAJ_clean,1
XALDEU_clean,1
XALDIY_clean,1
XASJUZ_clean,1
XAWZOM_clean,-1
XEHSAF_clean,1
XEHSIN_clean,1
XEHSOT_clean,1
XEJTIR_clean,-1
XEQLEM_clean,1
XIMPOA01_clean,-1
XOCWET_clean,-1
XOCWIX_clean,-1
XOCWOD_clean,-1
XOCWUJ_clean,-1
XOJPES_clean,1
XOMCOT_clean,1
XOPKIX_clean,1
XOPKOD_clean,1
XOPLUL_clean,-1
XOQXOR_SL,1
XORHET_clean,1
XOVVEK_clean,1
XOVVIO_clean,1
XOVXAI_clean,-1
XOVXEM_clean,-1
XOVYIR_clean,-1
XUJQAV_clean,1
XULCIR_clean,1
XULRIH_clean,-1
XUMSOP_clean,-1
XUYXAR_clean,1
YARSIV_clean,-1
YASNAJ_clean,1
YAZYEF_clean,-1
YAZYIJ_clean,-1
YAZZAC_clean,-1
YAZZEG_clean,-1
YEGTAG_clean,-1
YEGTEK_clean,-1
YELYOE_clean,1
YINCUV_clean,1
YINDOQ_clean,1
YITHIU_clean,1
YITHIU01_clean,1
YITHOA_clean,1
YITHOA01_clean,1
YIZGEV_clean,1
YIZGIZ_clean,1
YIZGOF_clean,1
YORZAH_clean,1
YOTROQ_clean,-1
YOYVEP01_clean,1
YOYVOZ_clean,1
YOYWEQ_clean,1
YOYWEQ01_clean,1
YOZJEE_clean,1
YUQNAB_clean,-1
YUWKEH_clean,1
YUWKIL_clean,1
ZALMIL_clean,1
ZEFVEN_clean,1
ZEFVIR_clean,1
ZEFVOX_clean,1
ZEHCAQ01_clean,-1
ZIBRAD_clean,-1
ZIJVAR_clean,1
ZIJVOF_clean,-1
ZIJVOF01_clean,-1
ZIJVOF02_clean,-1
ZIKCED_clean,1
ZITWIK_clean,-1
ZOMKAP01_clean,1
ZOMPAU01_clean,1
ZOXTEN_clean,1
ZOXTIR_clean,1
ZOXTOX_clean,1
ZOXTUD_clean,1
ZOXVEP_clean,1
ZOYKAB_clean,-1
ZOYKEF_clean,-1
ZOZKAC_clean,-1
ZUHSEC_clean,1
ZURQOS_clean,1
ZUTBIB_clean,-1
XAKZAL_clean,1
XALCUJ_clean,1
XALDOE_clean,1
XALDAQ_clean,1
XALCIX_clean,1
XALCOD_clean,1
USISEW_clean,1
CUIMDZ01_clean_h,-1
KEGYAX_clean,-1
KOZSOJ_clean,1
YARBUQ_clean,-1
XUWVUG_clean_h,1
MOXKAN_clean,1
KOZSID_clean,1
FAGMEI_clean,-1
COPXOV_clean,1
FAGMOS_clean,-1
ODOXEK_clean,1
GOVHOQ_clean,-1
AZAVOO_clean,1
TIGSOT_clean,1
WALKAY_clean,-1
PAPXUB_clean,-1
YARBAW_clean,-1
KATDAM_clean,1
EXEMUR_clean,1
TAQGOK_clean,1
REYPES_clean,1
LICKAL_clean,1
OSIXIY_clean,1
QOKCID_clean,1
ZOTKAW_clean,1
HEWFUL_ion_b,1
KIKDAL_clean,1
BIRMUM_clean,1
DONXUB_clean,-1
OSIXEU_clean,1
KEHFUA_clean,-1
WOPDEL_clean,1
EBIJAC_clean,1
SETXEW_clean,1
VAGBOX_clean,1
QOXFIU_clean,-1
UVINAP_clean,-1
OSIWUJ_clean,1
FEZCUJ_charged,-1
KINPUU_clean,-1
KINQAB_clean,-1
FEZCOD_charged,-1
IFENOY_clean,1
OKIQEG_clean,1
HOXGEH_clean,1
IFENOY01_SL,1
IFENOY02_SL,1
IQABEJ_clean,1
WENKEH_clean,1
EREFEN01_SL,1
COKROL_clean,1
VODSEM_clean,-1
WENKOR_clean,1
OQUXIJ_clean,1
QUSQIG_clean,-1
IFENOY03_SL,1
OQUXEF_clean,1
KAVTUY_clean,1
GUKYUI_clean,1
CUMJEB_clean,1
IWELIG01_clean,1
XEFGAQ_clean,1
KIPJUQ_clean,1
KIPKEB_clean,1
KIPKAX_clean,1
SUKKUF_clean,1
HISJIE_clean,1
IFAREN_charged,-1
OQUZIL_clean,1
TEDXOR_clean,1
UJULIW_clean,-1
OQUXAB_clean,1
ABEYIR_clean,-1
UCABAE_clean,-1
HEGNIR_clean,-1
JUSKAL_clean,-1
RIXBEG_clean,1
HEGNUD_clean,-1
HEGPAL_clean,-1
HEGNAJ_clean,-1
YUPSIM_clean,1
EWETUW_clean,-1
WUDVEY_clean,1
VERPOZ_clean,1
COXXIX_clean,1
HEGNEN_clean,-1
HOKLIE_clean,1
WENKIL_manual,1
WENKUX_manual,1
WENLAE_manual,1
WENLEI_clean,1
BEFLUV_clean,1
ABEYEN_clean,-1
HURGUX01_clean,-1
MIKJAR_clean,-1
HEGNOX_clean,-1
AMOYOR_clean,1
EZOBUR02_clean,1
QEVKOS_clean,1
ABEYAJ_clean,-1
EYULOA_clean,1
PIQMUZ_clean,1
MOYNIY_clean,1
RONSIY_clean,1
MATTOR_clean,1
BUSNAF_clean,-1
JIVHIG_clean,1
YARSAN_clean,-1
XEDPIH_clean,1
UVUDUM_clean,1
YOZKOP_clean,-1
ABEXOW_clean,-1
BEPVOJ_clean,1
ITIWEO_clean,1
SEJBAL_clean,-1
KUNMUD_clean,1
UMEKII_clean,1
HAHPOW_clean,1
MITGOL_clean,1
ABEXEM_clean,-1
ITIWAK_clean,1
YIRHOY_clean,-1
ABEXUC_clean,-1
VAGTUU_clean,1
NERMON_clean,1
UFUNIS_clean,1
IXUQUO_clean,-1
SUSZIQ_clean,1
OKIWUB02_clean,1
BEPVOJ01_clean,1
IFEQAN_SL,1
SUSZOW_clean,1
IFEQIV_SL,1
IFEPUG_SL,1
PEPBAO_clean,-1
GAVYAG_clean,1
WIFBAQ_clean,1
GITWIQ_clean,1
REHVEH_clean,1
KEDQAN_clean,-1
REHVAD_clean,1
TAWYUO_clean,-1
IMEDOV_clean,1
WILHIK_clean,1
OWETIU_clean,-1
YOYQUA_clean,1
BEPVID_clean,1
ABEXIQ_clean,-1
YOYRIP_clean,1
ILOJOJ_clean,1
MABLAD_clean,-1
OKIYAJ01_clean,1
KORNAI_clean,1
UNABIV_charged,1
XUWKEH_clean,1
ECAHOH_clean,1
UDOVUG_charged,-1
SOHBUO_clean,-1
POZHUI_ion_b,-1
OVICUS_clean,1
MUZGAQ_clean,1
XOJWEZ_clean,1
OKIVUA_clean,1
AXUHEH_clean,1
KEWBUL_clean,1
ECAHEX_clean,1
NAGQET_clean,-1
YOYQOU_clean,1
EXEWIO_clean,1
ECOGEI_clean,-1
OVIZID_clean,1
REGJIW_clean,-1
RUWZIU_clean,-1
QUSSII_clean,1
DADLEC_clean,1
YOYZET_clean,1
JITPOS_SL,1
RUWZUG_clean,-1
NADZEZ_clean,1
EZOBUR_clean,1
GISMAY_clean,-1
QEFNAQ_clean,-1
YANBAR03_clean,-1
SEHZUB_clean,-1
NACYUM_clean,-1
WEFCAN_clean,-1
OWUWOU_clean,-1
GARQAU_clean,-1
TONLOY_clean,1
BAXSIE_clean,1
NOFDUI_clean,-1
HADXIW_clean,1
KIPJIE_clean,1
ATIBUA_clean,1
ETEPID_clean,-1
OWUWUA_clean,-1
FIPKUM_clean,1
RUWZOA_clean,-1
ECEZAO01_clean,1
GUJREK_clean,-1
DAWBIO_clean,1
MAXHOJ_clean,-1
VAGBEN_clean,1
ZUTBUN_clean,-1
NAGQOD_clean,-1
ATIBOU_clean,1
WOJJOV_SL,1
ATIBAG_clean,1
KUMGIK_clean,1
NACYOG_clean,-1
XEHRUY_clean,1
IGUVIR01_clean,-1
QOHTUD_clean,1
GAJZUO_clean,-1
GAJYUN_clean,-1
HISGIB_clean,1
OLUCAZ_clean,-1
GADFAV_clean,-1
WANBOE_clean,1
BEPVEZ_clean,1
FUSQUH_clean,-1
PEJMOI_clean,1
FAGMAE_clean,-1
DAWBOU_clean,1
XEHSUZ_clean,1
DAWBUA_clean,1
KIPJOK_clean,1
IPIJEY_clean,1
MAXHOJ01_clean,-1
GAJZOI_clean,-1
JOLYEQ_clean,1
QAQSAD_clean,1
GAJZIC_clean,-1
GAKBAX_clean,-1
HAJDII_clean,1
OCUPUY_clean,1
VICLAW_clean,1
QODHUO12_clean,-1
ASACON_clean,-1
DOLRAZ_clean,1
QODHUO03_clean,-1
ATICEL_clean,1
GAJZEY_clean,-1
QODHUO06_clean,-1
QODHUO10_clean,-1
GAJZAU_clean,-1
QOFDIA02_clean,-1
QOFDIA03_clean,-1
QOFDIA05_clean,-1
QODHUO07_clean,-1
EVUQUI_clean,1
QODHUO05_clean,-1
EKOPUQ_clean,-1
PIQMOT_clean,1
QOFDIA01_clean,-1
JORBAV_clean,1
QOFDAS_clean,-1
WOZWEP_clean,1
QOFDOG_clean,-1
QODPOQ_clean,-1
QODHUO11_clean,-1
YOYRAH_clean,1
XICYAL_clean,-1
GUCJAQ_clean,1
QOFBIY02_clean,-1
QOFBIY_clean,-1
DADLIG_clean,1
DAWCAH_clean,1
QODHUO13_clean,-1
QODHUO09_clean,-1
ATICAH_clean,1
EVURAP_clean,1
YOYREL_clean,1
QOFBIY01_clean,-1
QOFCOF_clean,-1
OGAXUR_clean,1
QOFDEW_clean,-1
QODHUO08_clean,-1
QOFCAR_clean,-1
QOFDIA_clean,-1
QOFCIZ_clean,-1
QOFCEV_clean,-1
QODHUO_clean,-1
XEHSEJ_clean,1
AZAVUU_clean,1
NAWWUG_clean,-1
RAYLOU_clean,1
AWIBAL_clean,-1
CUCSAU_clean,-1
VIQQUJ_clean,1
ADODUU_clean,1
DIKJUD_clean,-1
YUBQET_clean,1
SODZIV_clean,-1
ZISFEO_clean,-1
GEFZAU_clean,1
ADODOO_clean,1
ZOZKEG_clean,-1
OCAWAT_clean,1
ENOSAD_clean,-1
OGECOU_clean,1
ADODII_clean,1
JOQZUM_clean,1
RIXBIK_clean,1
HEFDON_clean,-1
HEBKEG_clean,1
TUKCOT_clean,1
AZAWAB_clean,1
GEFYUN_clean,1
EVUQOC_clean,1
SEGBIR_clean,1
QUNWAZ_clean,-1
RAYLAG_clean,1
FIFPAM_clean,1
CUKYAJ_clean,1
QUSCAJ_clean,1
XOGXAU_clean,-1
KAVTEI_clean,-1
ASADAA_clean,-1
YIXYUB_clean,1
NUVWEH_clean,1
PEQRUZ_clean,1
CUKXOW_clean,1
VEHPUU_clean,-1
WEVQOD_clean,1
YUDFEK_clean,-1
QEBGAH_clean,-1
WEVQIX_clean,1
YIXZEM_clean,1
VEQBID_clean,-1
CUKXUC_clean,1
WURNOO_clean,1
XUJPOI_clean,1
ZAGHAT_clean,1
ACAJOF_clean,-1
WEVQUJ_clean,1
CAVSUP_clean,1
QOSXOM_clean,-1
UWODAN_clean,1
BEYKEX_clean,1
APACAX_clean,1
ISUCUV_clean,-1
FUTZOK_clean,1
EBUREA_clean,1
YINCOP_clean,1
RIRDED_clean,1
ODIMAQ_clean,-1
OCUSIP_clean,1
OPOZEZ_clean,-1
UFEXIN_clean,-1
TEZKAM_clean,1
CIMTEZ_charged,1
COTVOY_clean,1
ASECUY_clean,1
PUZJOL_clean,-1
LAWFUN_clean,1
NADZID_clean,1
YOYTUD_clean,1
HOQMIL04_clean,1
OYIVOI_clean,-1
HIZQEN01_clean,1
FEWQIJ_manual,-1
UFEXEJ_clean,-1
OLANEW_clean,1
FEWQOP_clean,-1
CEYPUT_clean,1
DALSUH_clean,1
CAYKEU_clean,1
POYPAW_clean,-1
JORRAL_clean,1
LOSXIC_clean,1
UWOWAF_clean,-1
BIRSIG_clean,1
NIJZIP01_clean,1
COTVUE_clean,1
POHCOG_clean,1
KOMDAT_clean,-1
WEVRUK_clean,1
YINCIJ_clean,1
TEBSAW_clean,-1
TOLYOJ_clean,1
QOFKUT_clean,-1
ALIXUP_clean,1
HOVGIK_clean,1
QOVSOL_clean,1
BIRSEC_clean,1
TECVEE_clean,1
KIYMIQ_clean,1
QUSCEN_clean,1
GUKFEY_clean,-1
YINCEF_clean,1
BEYSEF_clean,1
HEFFAB_charged,-1
FUNLAD_clean,1
DALTAO_clean,1
KEHGIP_clean,-1
LUJPUC_clean,-1
DIPMAS_clean,-1
KUVJIW_clean,1
UMELAB_clean,1
XOQXIL_clean,1
TIRQOB_clean,1
METYIU_clean,1
YOYVOZ01_clean,1
ZETLER_clean,-1
TOFQEM_clean,1
REWSUJ_clean,-1
FIFNUE_clean,1
UMEPOT_clean,1
EQOXIT_clean,1
FERWAC_clean,1
KADLOT_clean,1
LAFFEG_clean,1
KUKPOX_clean,-1
LALFUB_clean,1
UMELEF_clean,1
GARMAQ_clean,1
VALVIQ_clean,-1
GARLUJ_clean,1
VALVAI_clean,-1
YOYTOX_clean,1
CUNQUZ_clean,-1
GARLIX_clean,1
BETGIS_clean,1
GARLET_clean,1
GARLOD_clean,1
OSAWEL_clean,-1
LAFFEG02_clean,1
RAYKIN_clean,1
TORJAN_clean,1
TORKES_clean,1
HEKTAU_clean,1
WITJOA_clean,-1
NEZWOG01_clean,-1
VAXMUF_clean,1
CEJZAU_clean,1
GALCAZ_clean,1
YOZJEE01_clean,1
ESEDIQ_clean,1
GIQXEK_clean,-1
TORJUH_clean,1
TORJOB_clean,1
TIDMEA_clean,-1
DONKIC_clean,1
FIJDIM12_clean,1
SAJDIT_clean,1
GAMFEI_clean,1
OYIVIC_clean,-1
NIBXUT_clean,-1
KUMGOQ_clean,1
GIQYEL_clean,-1
PEPLOM_clean,-1
REJLEY_clean,1
HAHCUR_clean,1
XADDOX_clean,-1
PAMHIW_clean,-1
VIDXOX_clean,1
VEDGAO_clean,1
OTAVOV_clean,-1
GIQYOV_clean,-1
KOMCOG_clean,-1
XAPTEQ_clean,1
DIVPUU_clean,-1
KOVJAI01_clean,-1
OWEYOF_clean,-1
GIQXOU_clean,-1
DEJCIF_clean,1
VUNNEZ_clean,-1
JIZWIA_clean,-1
DONKOI_clean,1
JIZWOG_clean,-1
PUZKUS_clean,-1
VEDFIV_clean,1
GARLAP_clean,1
XUJPEY_clean,1
KAVGAQ_clean,1
VIWLAQ_clean,-1
GUVCOP_clean,-1
NEZWOG_clean,-1
RUSWOT_clean,-1
IGETUL_clean,1
OLANAS_clean,1
AGARUW_clean,1
OTAVAH_clean,-1
GIQYAH_clean,-1
OSAVEK_clean,-1
RUSWIN_clean,-1
RUSXEK_clean,-1
LITDAV_clean,-1
OTATOT_clean,-1
COGNAO_clean,1
MATTUX_clean,1
QULMIU_clean,1
IXURID_clean,-1
REYPIW_clean,1
HEFFEF_clean,-1
QEBGEL_clean,-1
RUSWUZ_clean,-1
RUSXAG_clean,-1
YOYVAL_clean,1
GUFXEM_clean,1
DUNXUH04_clean,-1
VIWLEU_clean,-1
TOWPEC_clean,1
ESEVIH_clean,-1
GIQYUB_clean,-1
XUJPIC_clean,1
OTAVUB_clean,-1
ATOGEV_clean,-1
BEXSEE_clean,1
ZUQMAB_clean,1
YAPRUE_charged,1
SERWAP_clean,-1
UMESIQ_clean,1
UMESOW_clean,1
GIQXIO_clean,-1
VIFBOD_clean,1
FUYCEJ_clean,1
TOWNUQ_clean,1
XOVQIJ_clean,-1
VEDFUH_clean,1
ENITIF_clean,1
GIQXUA_clean,-1
KARTAA_clean,1
BEXSAA_clean,1
VIWKOD_clean,-1
USOXEH_clean,1
JIZWEW_clean,-1
HUZSOL_clean,1
BUPVEP_clean,1
VAMQAE_clean,1
EKOPOK_clean,-1
QIRYAS_clean,1
ASUBIB_clean,-1
BEXRUT_clean,1
VEDGIW_clean,1
KEYMUY_clean,-1
VEDGES_clean,1
NATHUO_clean,1
UMEHOL_clean,1
GITTUZ_clean,1
DUNXUH03_clean,-1
VIWKIX_clean,-1
NEHGIS_clean,-1
VEDFOB_clean,1
MOTMAK_clean,1
IJIGOX_clean,-1
XEDPED_clean,1
BOPHIZ_clean,1
QIRWAR_clean,-1
ZURROT_clean,1
KEWZET_clean,1
EJAXIW_clean,-1
UMEQAG_clean,1
FEXCES_clean,1
ANAWIX_clean,1
DIXKOL_clean,1
GIQYIP_clean,-1
DUNXUH05_clean,-1
RANPAA_clean,1
ODODES_clean,1
QAMVEH01_clean,1
LUQGAG_clean,1
REJLIC_clean,1
HUZSUR_clean,1
JALCAD_clean,1
PURJES_clean,1
ZASJAG_clean,1
XUVQOW_clean,1
KINROQ_clean,-1
NAHHAI_clean,1
WIYZOU_clean,1
TOZHAR_clean,-1
MOLKAB_clean,1
KOVJAI_clean,-1
MECWIB_clean,1
YEZFIU_clean,1
OWIYUP_clean,-1
AFOYAW_clean,1
YICREI_clean,1
LITCOI_clean,-1
NEHGEO_clean,-1
VUWSAJ_clean,1
IZENUY_clean,1
UWALEL_clean,1
AMILOY_clean,1
CAWDOU02_clean,-1
EBELUU_clean,-1
AFOYOK_clean,1
CAVMOD_clean,1
ECAHAT_clean,1
IKEVAW_clean,1
XAKYUE_clean,1
XOMCIN_clean,1
HIHFUB_clean,-1
LETDEU_clean,-1
KINRIK_clean,-1
VALXOY_clean,-1
IKETUO_clean,1
YOZYOD_clean,1
IKETOI_clean,1
VEDFAN_clean,1
TUTJAU_clean,-1
IKETIC_clean,1
DAWCIP_clean,-1
WIZKOH_clean,-1
PATWOY_clean,1
WITJUG_clean,-1
AVEMAQ_clean,1
XALCET_clean,1
DUNXUH02_clean,-1
EKOPEA_clean,-1
GOQXAN_clean,1
IKETEY_clean,1
ABAYIO_clean,1
ENITOL_clean,1
FAVFUG_clean,1
BIYVIQ_clean,-1
ABAYOU_clean,1
DUNXUH01_clean,-1
XADDAJ_clean,-1
CUWNIT_clean,1
GOSKEG_clean,1
XALBAO_clean,1
HOMRIL_clean,1
VAGBUD_clean,1
WIPLOY_clean,-1
MAKFIQ_clean,1
TAKHEV_clean,1
BIYVEM_clean,-1
OGIKAR_clean,1
TAKHAR_clean,1
VALWUD_clean,-1
IKETAU_clean,1
TAKGOE_clean,1
XAKZUF_clean,1
ABESUX_clean,1
EPECEJ_clean,1
AMIMAL_clean,1
MAKFOW_clean,1
XALBES_clean,1
KINFEU_clean,1
VALXIS_clean,-1
FIXVUE_clean,-1
IYUCEM_clean,1
XALCAP_clean,1
NUCPEI_clean,1
PIJROR_clean,1
TAKGUK_clean,1
TOVJUL_clean,1
XEDGIY_clean,1
XALBUI_clean,1
PIHWAG_clean,1
XALBIW_clean,1
BAKGIF_manual,1
TOHYUL_clean,-1
KOCCUC_clean,1
PENZIS_clean,-1
ABETAE_clean,1
AVELUJ_clean,1
DEZKAW_clean,-1
MAYJOM_clean,-1
VALXAK_clean,-1
DUJRAD_clean,1
ODODOC_clean,1
WEBKOD_clean,1
BIYTAG_clean,-1
YUBFOR_clean,1
FOJLOH_clean,-1
MEFZUU_manual,-1
ENISUQ_clean,1
MAKGAJ_clean,1
BIYSUZ_clean,-1
LACNUB_clean,1
VALXEO_clean,-1
OBEDEE_clean,1
ANAWOD_clean,1
DAWCOV_clean,-1
QOQWOK_clean,-1
XALBOC_clean,1
GOPTIQ_clean,1
AMILUE_clean,1
VARHIH_clean,-1
VIWMIZ_clean,1
XAKZIT_clean,1
IKUTOZ_clean,-1
AVELOD_clean,1
NUNCEG_clean,-1
OYIVEY_clean,-1
QUBWIU_clean,-1
OFUYUL_SL,-1
TUTHOG_clean,-1
FARFUA_clean,-1
VUWRUC_clean,1
BETGOY_clean,1
HALVAU_clean,-1
QIWPET_clean,1
AMIMEP_clean,1
AKEDIF_clean,-1
ENISOK_clean,1
FECZAQ_manual,1
TUTHIA_clean,-1
LEWMUX_clean,-1
XAKZOZ_clean,1
VAGTAA01_clean,-1
NIZZAY_clean,-1
QOQWOK01_clean,-1
KIGCEK_clean,1
BETHEP_clean,1
LIVTIT_clean,-1
QIWCOQ_clean,1
XATLIQ_clean,1
EXEQAA_clean,1
WOZGUP_clean,1
NEGZUW_clean,-1
COKRUR_clean,1
AXUHAD_clean,1
YEGKOM_clean,-1
LUNBEB_clean,-1
HISSIN_clean,1
XOTGUI_clean,1
AXAFAG_clean,1
PACGIM_clean,-1
RUBTAK01_SL,1
ACODON_clean,-1
NIZZIG_clean,-1
BETGEO_clean,1
BURQIQ_clean,1
PEPLAY_clean,-1
EQETAX_clean,1
JOHFIW_manual,1
PEPLIG_clean,-1
NIZZEC_clean,-1
UFEMIC_clean,1
PORVID_clean,1
EMIHAK_charged,-1
AVIPOL_clean,-1
SEVLEM_clean,1
EMIGOX_clean,-1
GAPNOD_clean,1
EDAPIK_clean_h,1
VARJEF_clean,-1
YUMFUJ_clean,-1
BAKJOO_clean,1
EDIKIL_clean,1
QAQRUW_clean,1
DAFJOM_clean,1
FEHCIG_manual,1
FARFIO_clean,-1
VIWMOF_clean,1
TOWNOK_clean,1
LAVTUZ_clean,1
MIVFOO_clean,1
LAVTOT_clean,1
NIZZOM_clean,-1
XADDUD_clean,-1
JAKBOP01_clean,-1
LAVTIN_clean,1
RIWMUH_clean,1
LAVSUY_clean,1
AWAWUR_clean,-1
LAVTEJ_clean,1
FUWFIO_clean,1
WAYMAM_clean,1
PURJIW_clean,1
KINFAQ_clean,1
NAJTEA_clean,1
PUDSIR_clean,-1
IBOZIK_clean,-1
LAVTAF_clean,1
OWAVOY_clean,1
EXEQII_SL,1
EMIGUD_charged,-1
OSAVUA_clean,-1
LITCIC_clean,-1
AVIPAX_clean,-1
YUDFIO_clean,-1
UWUKII_clean,1
VAGTAA_clean,1
OMOVET_clean,-1
UXIQOJ_clean,1
ETIXIQ_clean,-1
OWIJIP_clean,1
DIRPIF_clean,-1
OWIHOT_clean,1
OWIJEL_clean,1
OWIHIN_clean,1
FARFOU_clean,-1
OWIJOV_clean,1
XALXUF01_clean,1
VOJGOS_clean,-1
YARGAB_clean,-1
JEDKEJ_clean,-1
GADDOH_clean,-1
HIHGEM_manual,-1
HUMWIX_clean,1
XIFHIF_clean,1
OWIHEJ_clean,1
XILTAP_clean,-1
PEPLEC_clean,-1
CANYIB_clean,1
OWIJAH_clean,1
TILHAZ_clean,1
FUXXIH_clean,-1
OWIHUZ_clean,1
DOYHOQ_clean,1
HIHGAI_clean,-1
HAFVUH_SL,1
MOFKUO_clean,1
YARZEZ_clean,-1
PETWOC_clean,-1
KASRAZ_clean,-1
PUDSOX_clean,-1
DUPJAB_clean,1
YOYBUL_clean,1
IXOFAD_clean,-1
FUNFOL_clean,1
JORVET_clean,1
ULUVUT_clean,1
EKOPIE_clean,-1
PUDSIR01_clean,-1
IKEBUV_clean,-1
MIVFEE_clean,1
WODVOB_clean,1
BAKJII_clean,1
IXOFEH_clean,-1
UWELIS_clean,1
HUZXUX_clean,1
ORIBAU_clean,1
HAKVOH_clean,-1
HAKSAQ_clean,-1
IKUTUF_clean,-1
QAGQEW_clean,1
KINDOC_clean,1
ROCZAM_clean,-1
BIZLUT_clean,-1
HAKWAU_clean,-1
UMOKIS_clean,1
SENVIR_clean,-1
PARKUQ01_clean,1
IXOFOR_clean,-1
LUPYAX_clean,1
BADYAJ_clean,1
YUDFOU_clean,-1
DOYHUW_clean,1
XOTHAP_clean,1
BIZMII_clean,-1
GASSUR_clean,1
XOVVOU_clean,1
VIRPOC_clean,1
ERUNOW_clean,1
BIZMEE_clean,-1
JORLEJ_clean,1
IXOFIL_clean,-1
IXOFUX_clean,-1
IXODUV_clean,-1
UKUPIB_clean,-1
ALIXOJ_clean,1
UMIGAA_clean,1
CIDKUX_clean,1
IXOFUX01_clean,-1
JAKBIJ_clean,-1
MAGBON_clean,1
NUGROX_clean,1
NAJTAW_clean,1
YOZYUJ_clean,1
VANHEA_clean,1
NEDVUP_clean,-1
YEKXOD_clean,1
NAJSUP_clean,1
ODODIW_clean,1
OYUSAD_charged,1
SEHTEF_clean,-1
PUDSUD_clean,-1
BAKJEE_clean,1
BIYTOU_clean,-1
KUVYAD_clean,1
TOJLOT_clean,-1
TAGTUT_clean,1
NUNNUH_clean,-1
YEKXET_clean,1
JAKBOP_clean,-1
EXAXAE_clean,1
XEDPON_clean,1
XILVIZ_clean,-1
YUNXAI_clean,-1
ROCZEQ_clean,-1
XASPEP_clean,1
SARNOQ_clean,1
TADCOS_clean,-1
GIXGOK_clean,-1
ITIPOS_clean,1
CAZNEY_clean,1
BIZMAA_clean,-1
SOTXAC_clean,-1
EVUDAA_clean,1
HAQRID_clean,1
ROCZIU_clean,-1
QIQZIB_clean,1
TIXCIO_clean,1
QAQNOO_clean,-1
ADOGEH_clean,-1
NUNPAP_clean,-1
LAZXOB_clean,1
POMMAH_clean,1
MOTVOI_clean,-1
HAKVUN_clean,-1
HOZTOG_clean,1
SOTWUV_clean,-1
MOXNUJ_clean,1
FECYUJ_clean,1
UJAQUS_clean,-1
HUWLUI_clean,-1
KISVEO_clean,-1
MOYYEF_clean,-1
SOTWOP_clean,-1
UTACOJ_clean,-1
ENITEB_clean,1
YEKXUJ_clean,1
BEXSII_clean,1
NEDWEA_clean,-1
FIRNOL_clean,1
PALTON_clean,1
OLICIX_clean,1
WUYXIZ_clean,-1
HUZYAE_clean,1
GAGQAI_clean,1
PEZCII_clean,1
XILSUI_clean,-1
OPIFUQ_clean,1
MUWQEB_clean,1
NUGRIR_clean,1
PUZLAZ_clean,-1
OJIDAN_clean,1
WUYYEW_clean,-1
SOMFAC_clean,-1
WUYXOF_clean,-1
NEXXIZ_clean,-1
WUYXUL_clean,-1
ETAXUT_clean,1
MOBBIO_clean,1
LUNBAX_clean,-1
BETGUE_clean,1
SOKKUZ_clean,-1
BOWNUY_clean,1
SOMFEG_clean,-1
WUYWOE_clean,-1
ORAGOF_clean,1
QUJJUC_clean,1
TATPOV_clean,1
NASREH_clean,1
LONWIW_clean,-1
VUQJUN01_clean,-1
VUQJUN_clean,-1
IKUTIT_clean,-1
NEXXEV_clean,-1
WUYYOG_clean,-1
BETHIT_clean,1
ACOLOV_clean,1
SONTOF_clean,1
ETEJOD_clean,1
LUMZUO_clean,-1
OKUTAR_clean,-1
MOXPUL_clean,1
WUYWUK_clean,-1
MAGBAZ_clean,1
TAGVAB_clean,1
VETTOE_clean,1
TOZFOF_clean,1
SONTIZ_clean,1
SODQOT_clean,1
ODIVUU_clean,-1
KAGCAY_charged,-1
SOMFIK_clean,-1
WUYYAS_clean,-1
ETEJUJ_clean,1
ETEKAQ_clean,1
ROQVIE_clean,-1
KARNID_clean,1
ETEKEU_clean,1
PAMTII_clean,1
UCUJOU_clean,1
VEHRIL_clean,1
WUYXEV_clean,-1
WUYWIY_clean,-1
ETEJIX_clean,1
IXEJIG_clean,1
CETHEQ_clean,-1
PAMTUU_clean,1
OTUDIS_clean,1
SONTAR_manual,1
NASRIL_clean,1
PAMTOO_clean,1
DUTKAG_clean,1
IKOVAH_clean,1
MEGBAD_clean,-1
KEVWUF_clean,1
IKOTUZ_clean,1
KADLUZ_clean,1
ATOWIQ_clean,1
KASRED_clean,-1
LIBQIY_clean,1
OTUDEO_clean,1
PATNAB_clean,-1
ASINAT_clean,-1
FIRMUQ_clean,1
AYOQEM_clean,1
PEWGEF_clean,-1
ZIQJEQ_clean,-1
LEYQUD_clean,1
IKOVEL_clean,1
NEDWAW_clean,-1
EMIFOW_clean,-1
LEYREO_clean,1
UJUPUM_clean,1
TOPKIT_clean,1
ATOWOW_clean,1
LEYRAK_clean,1
TOWLIC_clean,1
JUGQIN_clean,1
JUGQOT_clean,1
VEHKIE_SL,1
XASNUD_clean,1
SAXLEK_clean,1
WAFKAQ_clean,1
UKIQIP_clean,1
MEGBEH_manual,-1
REYJEM_clean,1
EMIGIR_charged,-1
QUQBAH_clean,-1
KAHYOJ_clean,1
YOZBAS_clean,1
WIKXAQ_clean,1
IXAKAU_clean,-1
RUPVAB_clean,1
ROCZUG_clean,-1
ADUWIH_clean,-1
KAHYID_clean,1
NALYEG_clean,1
OTALUS_clean,-1
WUYXAR_clean,-1
MUDLON_clean,1
FECXES_clean,1
TAQGEZ_clean,1
WAQDOJ_charged,1
OZUMAZ_clean,1
NASROR_clean,1
ROCZOA_clean,-1
GAGSUF_clean,1
OZULUS_clean,1
TAGTED_clean,1
XAMHEA_manual,-1
MAWFEY_clean,-1
NATKOL_clean,1
OZUMAZ01_clean,1
GITVEL01_clean,1
ASINEX_clean,-1
GITVEL_clean,1
ASINIB_clean,-1
KOSLEL_clean,1
KUFVAK_clean,1
KOSLUB_clean,1
KOSLIP_clean,1
OZUMIH_clean,1
TOVKIA_clean,1
YARZEZ03_clean,-1
LENKIA_clean,1
KOSLOV_clean,1
FIDRIV_clean,1
LOSBOM_clean,1
FIRNUR_clean,1
FIZPOV_clean,-1
WUHJIT_clean,-1
HASMIZ_clean,1
AFOYIE_clean,1
KAHYUP_clean,1
XENCAU_clean,1
RODBAP_clean,-1
PACZOK_clean,-1
ICEGED_clean,-1
UVOTOQ_clean,-1
TOWNEA_clean,1
ATIJUJ_manual,1
FIRNAX_clean,1
ZINDAD_clean,1
NIGFUF_clean,1
DAMYOI_clean,-1
FIRNIF_clean,1
NIGGEQ_clean,1
ANOMUM_clean,1
ENESUN_clean,-1
OZULAY_clean,1
COSMII_clean,-1
ETECOX_clean,1
OQETEK_clean,1
VOLQOD_clean,1
OZUKOL_clean,1
COJHIT_clean,-1
COQTEJ_clean,1
PEMREG_clean,1
MIBMER_clean,1
ODEZAB_clean,1
WAWGOQ_clean,1
OZUKUR_clean,1
DAMYUO_clean,-1
FUTTIZ_clean,1
ULASAD_clean,1
RUGKOV_clean,1
VOYGOH_clean,1
ENESOH_clean,-1
WAQFAX_clean,1
IYEPUZ_clean,1
SERCEZ_clean,1
CAZNOI_charged,1
HELDOT_clean,-1
YAVWUQ_clean,1
FIRNAX01_clean,1
HUJGEA_clean,1
LASDEQ_clean,1
FIRPAZ_clean,1
ERIWAF_clean,1
DOKDEN_clean,1
HIFGIO_SL,1
NEDWIE_clean,-1
IQECIS_clean,1
MOYYIJ_clean,-1
MAWFIC_clean,-1
GADNUX_clean,1
OXOLAP_SL,1
OZUKUR01_clean,1
CAZNUO_charged,1
ERAHOV_clean,-1
KARLUM_clean,-1
LECGIL_clean,-1
XOVQAB_clean,-1
EMIGAJ_charged,-1
OWAVIS_clean,1
WIZMAV02_auto,-1
VOGPEO_clean,1
ANONAT_manual,1
DADLOM_clean,1
GAHWIX_clean,-1
LETDUK_clean,-1
BUKMUQ01_clean,-1
MURBEI_clean,1
CUFFEP_clean,1
EMIHEO_charged,-1
TOVKEW_clean,1
WITKIV_clean,1
CUFDUD_clean,1
UMEKEE_clean,1
PAPVAF_clean,-1
HIYGIH_clean,1
YATDUV_clean,1
TOVHUJ_clean,1
VIRVEY_clean,1
OHUMIP_clean,1
OJICUG_clean,1
CUFFAL_clean,1
DAFYAN_clean,1
XAVKIR_clean,1
NIGBOW_clean,1
ZEZFIV_clean,1
BEXVEH_clean,1
TAGTIH_clean,1
AZIVAI_clean,1
WUSLED_clean,1
YARZEZ02_clean,-1
DUPVER_clean,1
IXEJOM_clean,1
LUSYEF_clean,1
REZXIE01_clean,-1
DUPKAC_clean,1
LUNBIF_clean,-1
ODODUI_clean,1
MIXBIG_auto,1
XISXEE_clean,-1
DAFYOB_clean,1
KEGZOL_clean,-1
EPISOM_clean,1
KEFBII_clean,1
OMIMEE_clean,1
COZMUA_clean,-1
HAQJIV_clean,-1
WAQTEQ_clean,-1
YOBYEV_clean,-1
VOLPET_clean,1
XIGFOJ_manual,1
WORREC_clean,1
NAWXER_clean,1
BINRUN_clean,1
JEJWOL_clean,1
FORKUU_clean,-1
DUDKOE_clean,1
YOBYAR_clean,-1
WANHIF_clean,1
VIXPUP01_clean,1
DOMDAL_clean,-1
ADUWON_clean,-1
YOCDUR_clean,-1
DUDKUK_clean,1
EMIGEN_charged,-1
BINROH_clean,1
BIDPOV_clean,1
PIYZED03_clean,-1
DOMCUE_clean,-1
EJETAQ_clean,-1
BINSAU_clean,1
MIXBAY_clean,1
MOCKEV_clean,1
POFSIN04_clean,-1
PIYZED02_clean,-1
POFSIN03_clean,-1
PIYZED01_clean,-1
POFSIN_clean,-1
POFSIN02_clean,-1
POFSIN01_clean,-1
SERLEI_clean,1
PIYZAZ_clean,-1
MIXBEC_clean,1
PIYZED_clean,-1
ICITEU_charged,-1
MOCKAR_clean,1
WUGQAS_clean,-1
NAHNES_clean,1
IWEVAJ_clean,-1
CORZIU_clean,-1
KEFBOO_clean,1
WAQFIG_clean,-1
PELRIJ_clean,-1
OHUMEL_clean,1
CEKHIL_clean,1
JUTCUW_SL,-1
QOFLAA_clean,-1
REWNEO01_clean,1
KEFBEE_clean,1
GUPBEZ02_clean,1
KARNAU_clean,-1
PEWLUA_clean,1
TOVJOF_clean,1
ZIMTAS_clean,1
UKIQOV_clean,1
REWNEO_clean,1
ZUKNAW_clean,-1
HIGRIA_clean,1
SUHBAA_clean,1
ANUGOG_clean,-1
VEHJUP_clean,1
BOLZIN_clean,1
ATEYED_clean,-1
ASIVAB_clean,-1
MUDTEL_clean,1
XIYYEL_clean,1
ENIHUG_clean,-1
KAWHEY_clean,1
VEHJOJ_clean,1
OMIPEH_clean,1
ENITAX_clean,1
MUDTAH_clean,1
GUNFAW01_neutral,1
FATQID_clean,1
OMITUB_clean,1
XIGWUF_clean,-1
ANUGIA_clean,-1
TOVJAR_clean,1
RUVKAV_clean,1
OLOGEC_clean,1
ODIXEG_clean,1
QIYDIN01_clean,1
XOVQEF_SL,-1
TOVJIZ_clean,1
PEVQIS_clean_h,1
ZAHLEC_clean,-1
PEVQOY_clean_h,1
NIBHUC_clean,1
DOZCEC_clean,1
NEXVET_clean,-1
BEDYEQ_clean,1
OWIZAW_clean,-1
RAYMIP_clean,-1
RAYMOV_clean,-1
UBULIO_SL,1
GISNED_clean,-1
BICPUA_clean,1
AVILEY_clean,1
LEHXUT_clean,1
ICAQOU_clean,-1
VACLIX_clean,1
ICAROV_clean,-1
BIPSUQ_clean,1
ICAQIO_clean,-1
BAZGEQ_clean,1
TOVJEV_clean,1
SUGDIJ_auto,1
ANUGEW_clean,-1
YODWUL_clean,-1
OMUSAS_clean,1
OKUTEV_clean,-1
FUYCIN_clean,1
NATKIF_clean,1
XOVPUU_clean,-1
VETMIS_clean,1
AWUPAL_clean,-1
TOVKOG_clean,1
ECOLEP_clean,1
YODWOF_clean,-1
ZELROZ_manual,1
OKUSUK_clean,-1
NIBHOW_clean,1
FOTNIN_clean,1
NIBJAK_clean,1
BAZGAM_clean,1