name,Temp
WEVQOD01_clean,35.01679328
LEVLEF_clean,79.90134009
TAMHUM_clean,92.38415845
SUHMEP_clean,101.9021222
VEMMIK_clean,105.7453416
TATYUL_clean,110.0584036
PUYHOI_clean,115.0864432
LEPLEZ02_clean,116.2735849
WALKAY_clean,125.6778443
PASTOU_clean,129.3073534
ROLCEC15_clean,130.0072913
ROLCEC19_clean,130.0072913
ROLCEC13_clean,130.0072913
ROLCEC18_clean,130.0072913
ROLCEC16_clean,130.0072913
ROLCEC14_clean,130.0072913
EPISOM_clean,132.6617935
GUPNUC_clean,134.3416435
GUPNUC01_clean,134.3416435
HUYKAN_clean,135.4395812
FIXVUE_clean,139.9365135
NIYZIG_clean,140.3162646
KAPHAL_clean,140.7084565
DIDBEZ_clean,140.7769772
DIDBAV_clean,140.7769772
SONTOF_clean,142.6512485
ETEJIX_clean,149.2757394
RUHFEH_clean,152.7559055
HUYJUG_clean,153.8567702
ETEJOD_clean,154.2433862
LOFVUY_clean,155.1320884
LOFVUY01_clean,155.1320884
RUHFIL_clean,155.8369317
RUHFOR_clean,156.5120238
LITCIC_clean,156.6976188
LOSXIC_clean,156.9702725
RUHFUX_clean,158.2073131
ROYRII_clean,159.4632768
VEMMEG_clean,160.371111
VERPOZ_clean,161.4754838
UMEDEX_clean,163.8607595
RIBTAZ_clean,164.0551716
HUNCUQ_clean,164.3690029
SONTIZ_clean,165.9420569
PUMNOB_clean,166.0816923
SONTAR_manual,166.5505858
ETEKEU_clean,167.2576832
ULASAD_clean,169.5988549
ETEJUJ_clean,169.9366814
ONUKAL_clean,170.2600534
CUKVUA_clean,173.9624637
YICDAR_clean,174.1325536
KIGCEK_clean,176.4317841
GAGSUF_clean,176.6658855
YOZKOP_clean,176.8543172
UJUPUM_clean,178.7064677
FURRAM_clean,179.5677936
DITYOW_clean,180.2875846
GONTAG_clean,180.3633653
RONSIY_clean,182.7902647
BOWNUY_clean,183.5132584
XOJPIW_charged,183.6380344
QUTVIM_clean,184.3900265
UHIYOB_clean,184.4827586
FURREQ_clean,184.7770816
CUNQUZ_clean,185.7578564
JITPOS_SL,185.8585859
FUSMOW_clean,186.0621707
LACNUB_clean,186.4668171
FUSMUC_clean,186.681743
KEJBOQ_clean_h,188.181521
VEMMAC_clean,188.5737179
XOJPES_clean,188.7535145
BAKYOE_clean,188.7982636
SODQOT_clean,188.89029
CUNQOT_clean,188.8963758
FUSMIQ_clean,189.5601173
SETDUS_clean,190.3762535
FUSMEM_clean,190.8621116
NEYJIM_clean,191.3232104
RUXKUS_clean,191.5329321
HAWREE_clean,191.8128655
NUNSIA_clean,192.4932764
HIQNAY_clean,192.8453637
FURRIU_clean,193.8370755
LEYLUX_clean,194.2906951
PUMNIV_clean,195.1434534
ODONIF_clean,195.9006748
VERZUP_clean,196.0987488
VOPCIO_clean,196.7075178
SOJSUH_clean,197.2445015
EBOTOF_clean,197.9266556
VOCQEJ_clean,198.7437283
NUNSOG_clean,199.5570534
GIYSEN_clean,199.938295
KIRKAZ_clean,201.1271205
EZUCIM_clean,202.2917488
RORVAX_clean,204.0797546
NUVYOT_clean,204.1385724
GAQYIH_clean,204.2603271
DAWBIO_clean,204.5885085
VAJTUX_clean,204.9706015
GAGQAI_clean,207.2898531
MUWQEB_clean,207.2898531
FOBNAN_clean,207.4330679
AFITEP_clean,207.5941504
SIWSUO_clean,207.7992051
LEVPAF_clean,208.4713715
ZOMNUM_clean,208.8206862
URUVUA_clean,209.4438109
QOXFIU_clean,209.8325123
IJEXUR_clean,210.0711218
ZEDHIB_clean,210.2597403
MONWET_clean,210.5529954
SAXLEK_clean,210.6671035
RUWZIU_clean,210.9688836
POVZOR_clean,211.0294118
XUZDUS_clean,211.5166261
PEHTON_clean,211.7461676
COXHON_clean,211.7602937
NUFCAU_clean,211.9381467
DOPHUN_clean,212.2098577
PATNAB_clean,212.3637277
JEXXAM_clean,212.9076403
MOTVOI_clean,213.1696429
AVELUJ_clean,213.3777718
HEBKEG_clean,213.6937241
IBOZIK_clean,214.1407529
REGLOG_clean,214.4227694
TEWFOS_clean,215.054067
TEWFUY_clean,215.054067
TIJPOT_clean,215.1133924
OHIHET_clean,215.8397566
YUKVUW_clean,216.2680452
ZOXNEH_clean,216.6914929
IJEYON_clean,217.245778
DOPJAV_clean,217.2839506
YUNJEX_clean,217.5741091
TOPKIT_clean,217.7468961
QUVFAP_clean,217.8126426
ACAJOF_clean,218.0584924
QOMDUS_clean,219.1361494
NAWDUN_clean,219.3176659
CETHEQ_clean,219.5292954
VUMBIQ_clean,219.6825397
JIYXUL_clean,219.8478412
BASSUL_clean,219.9012487
IKOSOQ_clean,220.0201969
FAMHAE01_clean,220.08924
FAMHAE_clean,220.08924
QUVFET_clean,220.3918202
OYIVOI_clean,220.6223325
TURFET_clean,221.1002994
DEJCEB_clean,221.1359659
YASPEP_clean,221.6902722
QAQNOO_clean,222.0740741
BASTUM_clean,222.277159
YOZBAS_clean,222.5490196
DANROC_clean,223.2953873
GUHPEG_clean,223.332949
EXAXAE_clean,223.6241199
WEMNAF_clean,223.9097744
PUVREF_clean,224.1525424
AJINOY_clean,224.2212227
OTODEI_clean,225.3962728
VEMMOQ_clean,225.5301073
ITIPOS_clean,225.5440552
PEWGEF_clean,225.5694778
OTODIM_clean,225.7011405
UCAXEC_clean,225.7972698
DOPHOH_clean,225.8084291
SEHZUB_clean,225.9205709
XADCEM_clean,226.0548559
UHASED_clean,226.230476
WOPDEL_clean,226.2666911
IZIKEJ_clean,226.2746931
TEWGEJ_clean,226.4090576
DEJCIF_clean,226.6666667
BAXFIR01_clean,227.0157608
BAXFIR02_clean,227.0157608
VAPBIZ_clean,227.2662675
VAPBEV_clean,227.2662675
VEMDAT_clean,227.8910078
HOFMAS_clean,228.0795338
FIFPAM_clean,228.4681074
LUMZEA_clean,228.7177529
YUKVAC_clean,228.9430855
LALFUB_clean,229.4763729
WEMNEJ_clean,229.5601968
AYUJIP_clean,229.593985
POHCOG_clean,229.6512875
QABKIQ_clean,229.9251473
QUVDOB_clean,229.9320956
TAVCIF_clean,230.2325581
GULWOA_clean,230.3691275
SIVVAW_clean,230.4285607
ODONEB_clean,230.9615385
TANFEV_clean,231.2531572
KUKPOX_clean,231.6158977
OTODOS_clean,232.6264881
SARNOQ_clean,232.7755488
KEGYAX_clean,233.0981775
EBELUU_clean,233.1684457
PEDMOB_clean,233.2997098
IVEQEG_clean,233.4501669
IZIKOT02_clean,233.8271435
WUPZUE_clean,234.3169026
YASNAJ_clean,234.4562767
MAWVAK_clean,235.6335283
MAWTUC_clean,235.6335283
HUZYAE_clean,236.0512968
CIDKUX_clean,236.317957
QOPPOC_clean,236.3475509
QIQZIB_clean,236.3655596
HOWPIU_clean,236.4221939
GUMBIA_clean,236.6336634
OZUMAZ01_clean,236.8540775
OZUMIH_clean,236.8540775
OZULUS_clean,236.8540775
OZUMAZ_clean,236.8540775
OBUFEX_clean,237.3237267
KOGYIP_clean,237.6470588
KOSKIO01_clean,237.7271839
KOSKEK_clean,237.7271839
KOSJUZ_clean,237.7271839
KOSJOT_clean,237.7271839
KOSJEJ_clean,237.7271839
KOSJAF_clean,237.7271839
KOSKAG_clean,237.7271839
KOSJIN_clean,237.7271839
KOSKIO_clean,237.7271839
KOSLAH_clean,237.7271839
IBICON_clean,237.932936
COXHIH_clean,238.2041423
COXHED_clean,238.2041423
OXAPEJ_charged,238.3623801
JUSHAI_clean,238.5345515
POWBIO_clean,238.5989011
KODSUT_clean,239.0117052
RUWZOA_clean,239.0359836
CUYVOI_clean,239.1080732
INEBOT01_clean,239.1568716
DALVIY_clean,239.7503291
WIZKOH_clean,240.348555
ALURIJ_clean,240.48132
VAXMUF_clean,240.8244149
GISWEM_clean,241.0494943
REWSUJ_clean,241.068917
ZIYPUU_clean,241.1260486
BASTAS_clean,241.5835629
BASTEW_clean,241.6877175
YUBFOR_clean,242.4113475
OFUYUL_SL,242.9118774
DOTFID_clean,243.1113567
UGEPEB01_clean,243.1182796
RIBDEN_clean,243.25
LASWEJ_clean,243.2926829
UZUNAF_clean,243.4444691
DAWBUA_clean,244.3280264
RIPKIM01_clean,244.7349106
BASTIA_clean,244.7680446
IBICED_clean,244.7769182
OSAWEL_clean,245.0286449
KUDWAJ_clean,245.2322764
GUDJOG_clean,245.2480693
NIJTOR_clean,245.4857143
WECJIZ_clean,245.651762
WUSGOI_clean,245.9842703
FATKIV_clean,247.1159667
EWUSUL_clean,247.1299461
EJOQUR_clean,247.31449
LIKDOA_clean,247.3417166
OCUMIL_clean,247.4395886
LUFQUZ02_clean,247.5061104
LUFQUZ_clean,247.5061104
LUFQUZ01_clean,247.5061104
BAZGAM_clean,247.7275472
RUWZUG_clean,247.8294744
OBUFIB_SL,247.8895646
KATDAM_clean,248.113791
TISGUY_clean,248.1889248
IROROY_clean,248.3238917
KIYMIP_clean,248.5444708
DAWCAH_clean,248.6994321
PAPPAZ_clean,248.7479004
VIXVUV_clean,248.8
PODKUQ_clean,248.9045202
WECFAN01_clean,248.9751553
ADODAA_charged,249.0443955
ZALDUO_clean,249.2003919
PODKOK_clean,249.6136872
LIPQIL_clean,249.6716099
FOVPUD_clean,249.9907172
BAKLIK_clean,250.0918728
MOXKAN_clean,250.0979435
TIVFAG_clean,250.3276388
TIVFEK_clean,250.3276388
TIQGEG01_clean,250.3276388
TIQGIK_clean,250.3276388
TIVFIO_clean,250.3276388
TIQGEG_clean,250.3276388
EWUTEW_clean,250.4466552
ZOMNEW_clean,251.1058
QOBPEE_clean,251.6478932
LAFFEG_clean,252.0484129
QIYDIN01_clean,252.2235263
FOVPOX_clean,252.676527
OWETIU_clean,253.3011625
ETEMIB_clean,253.358562
IGIZEF_clean,253.5751354
EWUSOF_clean,253.7092953
YUQNAB_clean,254.2548689
FAVZEJ_clean,254.422531
TADCOS_clean,254.463316
ZUTBUN_clean,254.585034
QEJYIP_clean,254.7937202
AYOQEM_clean,255.1386661
RIXBEG_clean,255.1589934
HAFWIW_clean,255.2968196
FUNGAY_clean,255.3435593
FATVOM_clean,255.6586375
FIJDIM04_clean,255.8132461
FIJDIM08_clean,255.8132461
FIJDIM10_clean,255.8132461
FIJDIM02_clean,255.8132461
FIJDIM09_clean,255.8132461
XOVQAB_clean,256.0119707
BAZFUF_clean,256.2288804
QEYWUN_clean,256.3293782
SAJDIT_clean,256.7870865
PIBGAK_clean,256.8074996
PEVZAT_clean,256.9869049
HUWDEJ_clean,257.4130361
COTYIV_clean,257.4442864
LIKGUJ_clean,257.5410941
DAXHIV01_clean,257.6282597
VAXTEV_clean,257.7682157
ICAQOU_clean,258.2844373
IBICAZ_clean,258.3897578
BASSOF_clean,258.4995324
MUJRIT_clean,258.9033581
BIQHEQ_clean,259.0479937
PIZSAU_clean,259.5718452
CIVTEH_clean,260.2968144
ZOZPUB_clean,260.6474971
ZIKCED_clean,260.657662
LARXUA_clean,260.6989155
YOVXEO_clean,261.0870318
ZARVIZ_clean,261.2401822
ERIWAF_clean,261.2982067
IBUBAL_clean,261.4853784
MUZRIJ_clean,261.7276796
GAJYUN_clean,261.850287
DUYVEA_clean,262.0955213
WOGHEG_clean,262.1121155
CAVSUP_clean,262.301383
ASOVEL_clean,262.4345751
REYPIW_clean,262.7382894
TIXMIX_clean,262.830746
BAXGAK_clean,263.6600639
YAZZEG_clean,263.759818
POSFIO_clean,264.1719626
GUJREK_clean,264.4831525
YUKVIK_clean,264.7058824
NIRDEX_clean,264.7910449
LOCZIO_clean,264.8817622
KUGCOF_clean,264.9019242
KADLUZ_clean,265.2292161
IGUCIY_clean,265.6751565
OVIDON_clean,265.69577
PEWLUA_clean,266.0382628
NATHUO_clean,266.0607727
LUJBAV_clean,266.2357359
OCUNAE_clean,266.3079724
YUKVEG_clean,266.4242239
HAPGIR_clean,266.8586827
AXUDII04_clean,267.3327596
MASZOX_clean,267.3560422
VERZEZ_clean,267.3707594
VEJHID_clean,267.545719
CUCTAX_clean,267.5559436
QADVUN_clean,267.6611534
TEYHIP_charged,267.6740686
RIXBIK_clean,267.6910336
EJOQOL_clean,267.8166667
EGAFUP_clean,267.9988576
DITXOU_clean,268.0902498
KEBFII_clean,268.1025417
VIWLEU_clean,268.2317936
DUBBEI_clean,268.7076948
SEJBAL_clean,269.3180509
POSGAH_clean,269.4444444
QIVYUR_clean,269.7791148
RAVVIU01_clean,270.0235558
RAVVIU_clean,270.0235558
OXAMIK_clean,270.5016909
EGAFOJ_clean,270.6413302
LITDAV_clean,270.7279298
KOZQEX_clean,271.037037
HOCDOU_clean,271.7075935
VUNXUY_clean,271.7366418
VERZID_clean,271.8444649
UTOTUT_clean,272.0582096
WEBKOD_clean,272.085527
QUSCEN_clean,272.1804511
NIMPEG_clean,272.3356364
CISLUN_clean,272.9225211
RUMROI_clean,273.0447153
GUFREF_clean,273.1632653
DAXJET01_clean,273.179373
YOTROQ_clean,273.4127342
HOWSIX_clean,273.4842031
FAMQAO_clean,273.5483516
VIWLAQ_clean,273.6501241
OTOLIU_clean,273.7272193
NOHHID_clean,274.2336119
OTENEH_charged,274.5454545
GUBZAF_clean,274.5541866
NAHHAI_clean,274.674746
MIXKUB_clean,274.9209028
YUKTUU_clean,275.0162317
BEXSII_clean,275.0944719
CIRTUU_clean,275.3042592
XAGPUT_clean,276.1110516
NAFSOF_clean,276.3043334
EPUXET_clean,276.4641138
JEXWUF_clean,276.6142617
EBIZUN_clean,276.7611603
RIBDAJ_clean,276.8558673
FIRPAZ_clean,276.8564638
LUWYUY_clean,276.8570257
VIWKOD_clean,277.7591121
MAWFEY_clean,278.0259967
LABKIL_clean,278.444436
DOKDEN_clean,278.6202519
AGOFEJ_clean,278.6485193
ACALIB_clean,278.7097806
QISKIN_clean,278.7669164
VIXPUP01_clean,278.8896299
FALVOF_clean,279.4386103
LODPUR_clean,279.6926435
RIPWIY_clean,279.7017247
AMAGAX_clean,279.8021325
LACBID_clean,280.2399121
EBOCOQ_clean,280.5529954
JALLOA_clean,280.563732
JIXWUJ01_clean,280.9180858
ETEKAQ_clean,280.9371394
EBINUA_clean,281.0077487
BEXSAA_clean,281.557318
MAWFIC_clean,281.5798045
SOJKOT01_clean,281.7929364
SOJKOT02_clean,281.7929364
PEWKOT_clean,281.8117978
PAPXUB_clean,282.4455577
OSIXIY_clean,282.9630647
OSIWUJ_clean,282.9630647
EYULOA_clean,283.251261
HOCDIO_clean,283.5333263
PORVID_clean,283.925962
FAGQAI_clean,283.9658444
FEFVES_clean,284.2671194
DUTKAG_clean,284.2675894
YUHHIU_clean,284.4969567
XULCIR_clean,284.7349466
EBATUZ_clean,284.9558914
OFOCUI_clean,284.980666
VEJHEZ_clean,284.994768
ZECKID_clean,285.1063595
UTOTUT01_clean,285.2717595
WORSUT_clean,285.2857442
WIDZUG_clean,285.5349441
SALXIP_clean,285.5408744
KOJZEP_manual,285.7801353
VUKSOL_clean,286.082996
WUSGIC_clean,286.1117223
FILYEG_clean,286.642966
EDOMAM_clean,287.0993399
ZIJVOF02_clean,287.4531258
ZIJVOF01_clean,287.4531258
GAJZIC_clean,287.4612857
AXUHEH_clean,287.6764633
VULFOZ_clean,288.4221055
UDEPIE_clean,288.6372698
EKOKIA_clean,288.956945
ELELEN_clean,289.1455998
QARTAG_clean,289.2333764
HOJLUP_clean,289.2874478
REWNEO_clean,289.3286705
NANNEY_clean,289.6135468
TEBWII_clean,289.6182731
NIFTIH_clean,289.9416166
RUGJEK_clean,289.9788051
VICSIL_clean,290.1056629
GIYSUD_clean,290.4196738
OYIVEY_clean,290.4336735
YITHOA01_clean,290.6776746
EHUCOA_clean,290.9145658
WECBAJ_clean,290.9622615
MAYKOO_clean,291.2424047
WAHNOL_clean,291.2686184
WEJSAH_clean,291.6167678
BIDPOV_clean,291.7077905
QOMSES_clean,291.9654765
OMIPEH_clean,292.1005647
MASZUD_clean,292.2208211
SIVJIS_clean,292.2430627
YANBAR03_clean,292.4264799
HOWSAP_clean,292.5018404
NERVEL_clean,292.635031
ISISUZ_clean,293.4245539
OSAXAI_clean,294.0015177
OCUMOR_clean,294.0038189
VETMIS_clean,294.0800379
TISJOW_clean,294.1234138
FIRMUQ_clean,294.3529412
VOCQAF_clean,294.6154788
QOCBUH_clean,294.7067958
NOFQOQ_clean,294.8717949
EQETAX_clean,295.1505435
HIVQAG_clean,295.3414227
QUQHAM_clean,295.6166696
FOXHUX_clean,295.8547177
NERVOV_clean,296.1468137
YOZJEE01_clean,296.3526726
QOSJOZ_clean,296.5066632
NAYZOE_clean,296.5286041
QOFKUT_clean,296.7787793
HOWPEQ_clean,297.2080252
ETECIR_clean,297.2560934
FIRNOL_clean,297.3793103
TAPKAY_clean,297.4256402
XOVQIJ_clean,297.4773917
GESNOI_clean,297.6253949
GERWEH_clean,297.6642784
WATPIT_clean,297.8172954
CUKXIR_clean,298.2101227
PUZKOM_clean,298.3398246
IBUBIT_clean,298.7205314
OLOPEM_clean,298.8827137
XADGAM_clean,299.8244051
PUZLAZ_clean,299.8648606
EBAVAH_auto,299.91655
FALZEY_clean,300.2741138
LUKRIS_clean,300.67742
GISZUF_clean,300.6850308
YOYTUD_clean,301.0590072
AGONEQ_clean,301.1680955
EPEWAY_clean,301.1684498
YOZRUC_clean,301.4388489
QOSKAM_clean,301.480716
COVYIX_clean,301.4840162
SEYDUW_clean,301.5012102
OMITUB_clean,301.6359441
NEVJOP_clean,302.0009364
TONLOZ_clean,302.0286012
TETZID_clean,302.1849431
AHAMAY_clean,302.3710664
LIWXIZ_clean,302.6419777
NAHNES_clean,303.1813953
ISIYUF01_clean,303.2403556
REHVEH_clean,303.4290065
IRORUE_clean,303.5805557
ABEXEN_clean,303.6005196
ARAHIM02_clean,303.6184455
ZIKJOU_clean,303.6227942
ILENOC_clean,303.6300998
BUQWER_clean,303.6504511
FIBKEI_clean,303.6949857
OKITAE_clean,304.0504156
YARKAF_clean,304.1690772
HISJIE_clean,304.6428905
YARBAW_clean,304.7898081
BETHEP_clean,304.9769105
BETHIT_clean,304.9769105
HEGNAJ_clean,305.4021287
QANSUV_clean,305.5091288
GIXGOK_clean,305.6151029
XAVQIU01_clean,305.6706282
MUZGAQ_clean,305.6840155
GITVEL01_clean,305.8099234
FALZIC_clean,305.9031686
VAGBEN_clean,307.0006423
PASNEE_clean,307.3852763
VIMRAM_clean,307.7125429
ANEPIT_clean,308.0504708
URUWEL_clean,308.0947438
SEYFAE_clean,308.1989586
HAWWOT_clean,308.6673131
DOHNUL_clean,308.8811246
FUWFOU_clean,308.8954438
OBIBAF_clean,309.2421258
PEYPAM_SL,309.8593105
YUKKAR_clean,310.2932542
XOPLOE_clean,310.6114021
HOMRIL_clean,310.7416332
FOMWOV_clean,310.9380762
AFITUF_clean,311.3575743
WICQOP_clean,311.4017217
RUYNIK_clean,311.4478523
QEVKOS_clean,311.5727583
SETQOZ_SL,312.115707
SADMUH_SL,312.1959558
JOQSOZ_clean,312.3924549
NUYWOU_clean,312.8441285
FUFTUX_clean,312.9421556
EKETUL_clean,312.9753915
HUVHIR_clean,313.1195335
FUYKER_clean,313.4128137
UPOVOL_clean,313.4263678
VUCTOE_clean,313.5975305
NISBEX_clean,313.7130051
PAPVAF_clean,313.7735232
KIYJAF_clean,313.8598735
RUGHUY_clean,314.1043765
ECOLEP_clean,314.7802929
PARKUQ01_clean,315.1136816
FECXES_clean,315.2777075
JORRAL_clean,315.308954
BOMCOX_clean,315.3767474
QUSRON_clean,315.4085634
QARCET_clean,315.4911248
BEXVEH_clean,315.7264492
OGIKAR_clean,315.9818107
RUGGIL_clean,316.031211
FEWQIJ_manual,316.0401003
JUGLAA_clean,316.4959286
RIFGAQ_clean,316.5774759
NUHZAS_clean,316.8348031
NOMQAJ01_clean,316.8423856
OLONAG_clean,317.1019123
TOFQEM_clean,317.1142317
VAGBUD_clean,317.1302491
XUWSUD_clean,317.25
AXUHIL_clean,317.5565065
DOKHIV_clean,317.7997951
GOPTIQ_clean,318.1431562
FUTKEL_manual,318.6261872
FAQVEA_clean,318.6781085
GEGGUW_clean,319.0293354
GUKYUI_clean,319.3081081
UMELUU_clean,319.4038265
TONMAM_clean,319.7657775
REVYUO_clean,320.0805757
SAYTUJ_clean,320.4124386
SUJNUH_clean,320.4915261
NORJEL_clean,320.7228444
DONXUB_clean,320.751634
VEHLEA01_clean,320.7807808
PIHWOU_clean,320.9030281
PEYPIU_clean,321.1599614
RUGNUE_clean,321.2719881
CUKXAJ_clean,321.8031832
XUBJAF_clean,322.1162424
BEPBAB_clean,322.2958057
QADWEY_clean,322.5036982
RUGJOU_clean,322.6614546
HOGSIG_clean,323.1552304
UNABUH_clean,323.1715073
UNACIW_clean,323.1715073
HEKTUO_clean,323.5796883
DAPXID_ion_b,324.3306596
SOYWOT_neutral_b,324.4028962
SETQEP_clean,324.4736098
VULFIT_clean,324.5452001
GASSUR_clean,324.9417839
VOTKEW_clean,325.1539437
ZUQMAB_clean,325.3052632
GEZYOB_clean,325.4503226
YINCIJ_clean,326.0966648
IHECAB_clean,326.1795041
REGMOH_clean,326.8954791
XEGKEB_clean,327.2873194
YAZYIJ_clean,327.5122158
ZEFVEN_clean,327.5373619
QOVWOP_clean,327.6819418
MIFROK_clean,327.6994881
BONWIL_clean,328.0684755
VITZEF_clean,328.391894
PEZCII_clean,328.4002955
ZOTKAW_clean,328.4020327
CAXTAY_clean,328.490437
RUGHEI_clean,328.5762393
MOFKUO_clean,328.7584323
MIFTUS_clean,328.7868815
EMEGEJ_clean,329.2455276
FUWYAY_clean,329.4521657
LUMZAW_clean,329.4724305
CIMTEZ_charged,329.5142455
ATOGEV_clean,329.6013485
YINCUV_clean,329.6362008
YARKOT_clean,329.7266352
TATSIS_clean,329.7466305
VULKOD_clean,330.1376548
OHAKIS_clean,330.1538462
CABQEB_clean,330.2843243
ETAXIH_clean,330.5499596
FIRNAX_clean,330.6817854
DUZPUL_clean,330.9355992
TILHAZ_clean,330.9915833
FERVOP_clean,331.2332453
FERWAC_clean,331.2332453
RUGJIO_clean,331.8540515
ELERIX_clean,332.4141589
UKUBUY_clean,332.809993
OTUDIS_clean,333.7934297
MAQBIS_clean,333.8204749
CETGOY_clean,334.2481
ZASTUK_clean,334.3232616
DOZKIO_clean,334.3372401
RANWAH_clean,334.7443308
UKUBIM_clean,334.8137786
YUDFOU_clean,334.9498637
SIVQAR_clean,335.2454885
SAQQAD_clean,335.2698129
AVEQID_clean,335.6301962
EBIHII_clean,335.7495713
ZALMIL_clean,335.7884876
HEKTAU_clean,335.9969816
CODSUL_clean,336.0218897
CUGVUW_clean,336.0513763
SONTUL_neutral_b,336.2090072
ELERIY_clean,336.5220643
ASIQIE_clean,336.6301888
CUKXUC_clean,336.8005739
LUMYOJ_clean,337.1174798
AVESOL_clean,337.2330495
VAYWEZ_clean,337.3998449
DEXZIR_clean,337.6295648
TETWOG_clean,338.0021904
IXAMEA_clean,338.002819
IXAMAW_clean,338.002819
IXAMIE_clean,338.002819
LUKRUE_clean_h,338.2185923
SUVNEE_clean,338.3402523
NUGROX_clean,338.4341614
CUYWUP_clean,338.6216769
VEPDEB_charged,338.6374269
PAMVEG_clean,338.8770437
JUJZIZ_clean,339.0088176
DOKHUH_clean,339.2501744
TUKCUZ_clean,339.927402
IJEXIF_clean,339.9994695
TISLIR_clean,340.4624675
UVUFUN_clean,340.6648679
ZOXTUD_clean,340.7416432
DIVQAB_clean,340.8886751
VOCNOQ_clean,341.0379981
JALLEQ_clean,342.0715292
DIVMUR_clean,342.1412372
KIDXUR_clean,342.4337939
YINCOP_clean,342.9028716
IYAJOJ_clean,343.2098765
KIYTOD_clean,343.2831781
YOTRUW_clean,343.4480361
TAJXIO07_clean,343.5144425
TAJXIO_clean,343.5144425
IFASOZ_clean,343.6045079
ALUREF_clean,343.7343358
HOWQAM_clean,343.7833096
PASKAX_clean,344.241131
IXUQUO_clean,344.2548191
NIMXIS_clean,344.2949676
BIXXIR_clean,344.5728101
YEDKUO_clean,344.7337591
CAVNOE_clean,344.8755117
XIMPOA01_clean,345.0859169
VONBIK_clean,345.2586207
DUKMON_clean,345.2842711
ALURAB_clean,345.6068743
VEGXIQ01_clean,346.0603311
XIDBUJ_clean,346.3144567
RUGKOV_clean,346.4311068
TIXMET_clean,346.5453382
ISIMAZ_clean,346.6912442
OBIBEJ_clean,346.6925462
FARHOX_ion_b,346.7283543
TUTJAU_clean,346.988667
ADODOO_clean,347.1181813
ERULEK_clean,347.3773476
HOXSUK_clean,347.5213338
ADODII_clean,347.6064734
WICQIJ_clean,347.7606696
GAXKOH_clean,347.8357053
RUVMUR_clean,348.2352941
MIBMER_clean,348.3138465
YOYPOT_clean,348.3718487
MATPOP_clean,348.8130424
COTVIS_clean,349.1296958
LUPYAX_clean,349.3273991
OGAXUR_clean,349.5855615
ILIQIF_clean,349.6243785
YAPYUK_clean,349.9322263
HOHJAR_clean,350.1978022
MITSAK_clean,350.1983198
OMICOD_clean,350.2567293
QUNVIG_clean,350.279221
JADMAF_clean,350.3029844
PUSXIL_charged,350.4161616
IRELAU_clean,350.6704922
SALXEL_clean,350.9445307
FIZPOV_clean,351.132342
MEJZIM_clean,351.3419913
KOMCOG_clean,351.8412076
BEXRUT_clean,352.0994244
FOFHUE_clean,352.1012197
KOSLOV_clean,352.3329682
KOSLEL_clean,352.3329682
CISMIC_clean,352.3733763
MIMVEJ_clean,352.4978391
FAVGAN_clean,352.7950311
GADHIF_clean,352.9548229
OTUXUX_clean,352.9625224
DIVNAY_clean,352.9642057
XEGJOK_clean,353.5228327
LAWHOJ_clean,354.3112556
WIPLOY_clean,354.7871041
NOHLED_clean,354.9809655
IDORIE_clean,356.0498472
ERUVEU_clean,356.2689715
DOMCUE_clean,356.5097355
TUTHOG_clean,356.5944272
GEGSIW_clean,356.6565646
CELZEA_clean,356.8281938
TETZEZ_clean,356.9896047
DALSUH_clean,357.0951586
DOTYES_clean,357.3832531
ULIMIN_clean,357.5085344
QOBWIN_clean,358.0551565
TAKHAR_clean,358.1592296
AJAKON_clean,358.5838509
COJGEO_clean,358.5992454
WAHNEB_clean,358.6461181
PEJRED_clean,358.7286824
BUCVAY_clean,359.0122622
JIZJEJ_clean,359.071411
JIZJUZ_clean,359.071411
JIZJAF_clean,359.071411
HOWPOZ_clean,359.126956
ZOZHON_clean,359.1995099
LABPOV_clean,359.2536539
QUGZEZ_clean,359.4910903
NARPOO_clean,359.586957
EZOFEF_clean,360.3027176
QITYOI_clean,360.4123053
HUWHOY_clean,360.7594937
YAJXIT_clean,360.8974359
YUYLIP_clean,360.9532694
ALIXOJ_clean,361.2769004
DIVPUU_clean,361.3124729
ZIYQAB_clean,361.6724478
OCUQUZ_clean,361.8902524
EXIDOF_clean,361.9009591
OKIPUU_clean,362.0246787
ASAJOU_clean,362.034114
WAQQUB_clean,363.5761589
ASINEX_clean,363.8624598
HUTTIA_clean,363.9485503
OHAKEO_clean,363.9967262
MIHLAR_clean,364.0893528
ZEZFIV_clean,364.0908514
IJEVIE_clean,364.4100649
ESASAU_clean,364.4914406
ODIVUU_clean,364.7277507
HAZNIH_clean,365.0037331
HEDCEA_clean,365.0466992
OTABES_clean,365.3521004
XEGKIF_clean,365.4521158
QUSSII_clean,365.7044378
FIPKOG_clean,365.7856869
WUXYOF_clean,365.9777169
EFILUA_clean,366.121969
RUFRIV_clean,366.4475116
OVIZOJ_clean,366.9882384
DOYHUW_clean,367.0103093
QIRYAS_clean,367.1140806
PIJDIX_clean,367.3565814
SIWTOJ_clean,367.5305032
AWAJIT_clean,367.5571233
NUCREJ_clean,367.602212
NARPUU_clean,367.6258993
OSURAX_clean,367.6803552
GITPIK_clean,367.7018634
OTAQAD_clean,367.7491664
XOLGEM_clean,367.7807077
IQOJEF_clean,367.8339489
AROFAP_clean,368.1668409
OTAXOX_clean,368.2175847
HASNIB_clean,368.4853308
PEWFII_clean,368.5616135
PUQHEP_clean,368.9018873
NUCYIV_clean,369.6037805
EXIDEV_clean,369.8912381
UMIGAA_clean,370.2270723
HEDBOJ_clean,370.4080677
JUXFAL_clean,370.5063657
AMUFAR_clean,370.5471406
JUFREJ_clean,370.8200179
EDABOC_clean,370.8765223
DALVAQ_clean,370.8846492
VAZLIT_clean,370.983053
LITCUO_clean,371.057315
EREGOY_clean,371.2177885
KIVDUQ_clean,371.4747541
IGUVIR_clean,371.5607757
TEDSIG_clean,371.7996085
FIRNUR_clean,371.8408378
ESASEY_clean,372.6181102
KINLAW_clean,372.885656
FAVGOB_clean,373.0210388
OCUTEM_clean,373.0825064
OCUSOV_clean,373.1596411
AFOQUI_clean,373.3615723
QUDJOP_clean,373.5139633
NUZSAD_clean,373.9874465
YOQYOT_clean,374.1750359
WAHKUO_clean,374.3998366
HOBGOV_clean,374.6471063
QADWIE_clean,374.8407102
DOQGUM_clean,374.8653175
DOQHAT_clean,375.1905331
HAZNED_clean,375.3828164
VULKIX_clean,375.5532775
YUZXAT_clean,375.5666334
XEDGIY_clean,375.8955641
DOQHIB_clean,375.9170489
NUVXOT_clean,376.2741271
QADWOK_clean,376.4293727
ASECUY_clean,376.4828002
TISKOW_clean,376.5374677
MOYMET_clean,376.7010092
NOBVOR_clean,377.1232944
ASIRUR_clean,377.4509797
SABXOL_clean,377.6796051
JUPBUT_clean,377.9499245
ASADAA_clean,378.3311249
ZARLIP_clean,378.3697962
YAQZUN_clean,378.8898263
BEPRIZ_clean,379.0245954
DIBJIJ_clean,379.0989474
VOXVEL_clean,379.3567444
EBAVIP_clean,379.6745665
KIBDEF_clean,379.9828958
CETVAA_clean,380.0045298
YOYWEQ_clean,380.3162719
HOXSAQ_clean,380.4056856
FEXCES_clean,380.525103
PELQII_clean,380.7527964
LOSBOM_clean,381.126597
GAYPED_clean,381.2272672
NIMWUD_clean,381.396922
NIRDAT_clean,381.726122
CUTBEA_clean,381.7614965
XAFFAN_clean,381.924768
SOCWOX_clean,381.969272
SABYUS_clean,382.0807958
CAXZUY_clean,382.2156953
AVILEY_clean,382.3010297
HIQNIG_clean,382.3264766
EBAVOV_clean,382.3282681
BAPDAA_clean,382.4097938
NANMAS_charged,383.090315
FAVHAO_clean,383.1226741
GUSNEN_SL,383.2289501
HASNOH_clean,384.0058884
NUWBOX_clean,384.4262295
QADWUQ_clean,384.9853483
AMILOY_clean,385.0819803
PETWOC_clean,385.2054171
VEHJID01_clean,385.2860502
QADXAX_clean,385.7414208
RETBEZ_clean,385.769285
YERJEL_clean,386.1455526
DUKNII_clean,386.4953149
CUYRUK_clean,386.6084977
ELEROD_clean,386.6842836
LIHRIE_clean,386.8344273
BINRUN_clean,386.9077015
BUGSAY_clean,387.6388776
DAWDAI_clean,387.7113275
CASTEW_clean,388.0619415
QEBGAH_clean,388.1763187
LOQLIN_SL,388.221714
GEVYEN_clean,388.2832036
OTIPUE_clean,388.7847927
OKIPOO_clean,388.8078874
HUZSUR_clean,389.1457286
CAVRAU_clean,389.2614032
AWAREV_clean,389.4896552
LACJAC_clean,389.6023581
IGUTUB_clean,389.7565095
HIQWOV_clean,389.7652195
WAXJAJ_clean,389.8731895
UVOTOQ_clean,390.1311249
WULQUR_clean,390.3046612
QOPDEE_clean,390.4786413
XOCWIX_clean,390.5966616
ZALGEB_clean,390.6899413
EZABAJ_clean,390.7770403
BERFIP_clean,390.8618516
WOZWEP_clean,391.0078681
ZOXTOX_clean,391.2336515
PEVBUP_clean,391.2483629
DIMKIV_clean,391.5290557
COGNAO_clean,391.9885034
KINQAB_clean,392.1081081
GEFYUN_clean,392.1656819
VIVLAP_clean,392.2789539
LUFNAC02_clean,392.7690245
LUFNAC04_clean,392.7690245
LUFNAC03_clean,392.7690245
YEMLOS_clean,392.8967814
ENISUQ_clean,394.0693196
SUVFEU_clean,394.122792
SIWZOP01_clean,394.2848613
KAVTUY_clean,394.6369706
YOYQEK_clean,395.147797
GESFAN_clean,395.472592
PARFOF_clean_h,396.0892188
VASFUT_clean,396.1369594
UMEDIB_clean,396.2272727
XEXMEU_clean,396.5166205
QADWEA_clean,397.4860215
YIBMUT_clean,397.521097
UFENEZ_clean,397.5295674
EKOPEA_clean,397.5309212
OWIHUZ_clean,397.5860375
OWIJAH_clean,397.5860375
OWIJEL_clean,397.5860375
OWIHOT_clean,397.5860375
CUWNIT_clean,397.7073898
AZAFIS_clean,397.7752142
REHHOD_clean,397.833859
XICNOO02_clean,397.9130435
UVUQAE_clean,397.9243472
EBAVUB_clean,398.0302628
HIHFUB_clean,398.503073
DUXKEN_clean,398.5471385
MEFZUU_manual,398.866269
HIHGUC_clean,399.4124414
RUYQIN01_clean,399.4885504
RUYTUC_clean,399.4885504
WOXKOL_clean,399.5253818
HAHCUR_clean,400.1425456
VEDFIV_clean,400.6923559
VEDFOB_clean,400.6923559
PUPNAQ_clean,400.8911291
OJIWAG_clean,400.9753827
MUPYOM_clean,401.1004712
FOSTUE_clean,401.301623
LIQFEY_clean,401.3422587
NIWZIE14_clean,401.6013439
NIWZIE15_clean,401.6013439
UCEXAC_clean,401.9951038
FAJZOI_clean,402.1700394
NIGFIT_clean,402.2322859
EKOPUQ_clean,402.2572178
OKELOH_clean,402.6181649
DURDIF_clean,403.0256499
LABGAY_clean,403.2248859
NELVAC_clean,403.7489258
RUWWOW01_clean,403.8986823
BUGSOM_clean,404.0914766
BIPLIX_clean,404.4191613
LUBNAZ_clean,404.4535896
TAKVAF_clean,404.5223876
ILUHON_clean,404.6302848
ODODES_clean,404.7940075
PURQEZ_clean,404.9212899
RAXDAX_clean,404.9538298
YUSWEQ_clean,404.999731
QUZVEO_clean,404.999731
YUSWIU_clean,404.999731
ROMQER_clean,405.110733
SIWTEZ_clean,405.3308824
FUSQUH_clean,405.4773462
WUPNIF_clean,405.5206674
HAFSOZ_clean,405.6995844
WASTUG_clean,405.7318776
ADUWON_clean,406.0085656
NAVFUM_clean,406.0283922
PUGSUH_clean,406.2869264
MAHCIK_clean,406.4847819
XEQRAO_clean,406.7838609
PUMZAZ_clean,407.2895924
XUCSAR_clean,407.3979736
XUCSAR01_clean,407.3979736
DAWWIJ_clean,407.9840504
HUZSOL_clean,408.2521451
FECWOB01_clean,408.4200331
KEJHIQ_clean_h,408.4522748
LUYSEF_clean,409.2608672
DUYROF_clean,409.9188669
WIRMOB_clean,410.0390593
CUVXAT_clean,410.0571429
IHIMAP_clean,410.0608845
JUSKAL_clean,410.097078
BAWROI_clean,410.334507
WAQFIG_clean,410.5955403
IYOWID_manual,410.7596397
KOKKOL_clean,410.8366534
ZASJAG_clean,411.0777924
COQLAX_clean,411.3787345
EHAGOL_clean,411.6071429
KORMOV_clean,411.6575959
HEZKIH_clean,411.7314419
VAGMEX_clean,411.7721617
AQOSEG_clean,411.8706875
KAYCIY_clean,412.7477017
SIRBIG07_clean,412.7568634
PUGFOO_clean,412.8887952
ELERIX01_clean,412.9182045
XIFLOP_clean,413.6351058
MAGBON_clean,413.643388
DIMKUH_clean,413.9329148
MEGBEH_manual,414.6184712
UWUKII_clean,414.6546995
BOLPAU_clean,414.7777136
PIDMEV01_clean,414.8206543
PIDMEV_clean,414.8206543
MAFLUD_clean,414.9470464
EKOPOK_clean,415.1674327
YOYNUX_clean,415.6321986
DUGBAJ_clean,415.7711003
FITJEY_clean,416.258098
HISJAW_clean,416.3687017
RUWXAJ_clean,416.4937721
FAKGOP_clean,416.5309735
XEHTUB_clean,416.586488
GAMFEI_clean,416.7485584
HEMVEB_clean,417.1912833
QODHUO11_clean,417.3992454
QODHUO_clean,417.3992454
QODHUO07_clean,417.3992454
ZOXFEZ_clean,417.5425331
NOHKIG_clean,417.897239
EHAGEB_clean,418.3832439
DOLPIF_clean,418.3907989
VURLIF_clean,418.4923641
EDEPAG_clean,418.8832883
LACGED_clean,419.1797401
YEDKOI_clean,419.6268483
COWMAD_clean,419.8611309
QEBKUF_SL,420.1153771
LAZHUR_clean,420.2023774
GARLAP_clean,420.3284859
XUNSEG_clean,420.7658653
LIJNOJ_clean,420.8758921
WENKIL_manual,421.0767669
JUKNUA_clean,421.7720576
XUNSUW_clean,421.8474349
EZABEN_clean,423.0659293
QOFDIA06_clean,423.3342743
QODPOQ_clean,423.3342743
QOFDAS_clean,423.3342743
QOFCIZ_clean,423.3342743
QOFDIA05_clean,423.3342743
QODSUZ_clean,423.3342743
QOFDIA02_clean,423.3342743
TEDXOR_clean,423.4364568
IZIHAC_clean,423.6916598
UXIQOJ_clean,423.7561914
KEWBUL_clean,423.8285966
OSUVIJ_clean,424.0347917
DOKBUC_clean,424.0399747
HICVUM_clean,424.3126713
LACGAZ_clean,424.7731085
AVIMOI_clean,425.1819072
WOWBIV_clean,425.5317706
BELTUJ_clean,425.7865307
QULMIU_clean,425.9346118
WIYFAM_clean,426.283561
YOYQIO_clean,426.4697769
JOYKUF_clean,426.6327499
XUNSAC_clean,426.7651265
YATDUV_clean,426.9556554
IZERAI_clean,426.9673019
CODSOF_clean,427.0902652
HOMXIR_manual,427.3573341
WENKUX_manual,427.6515152
AWEZOS_clean,428.0429991
LAHYOL_clean,428.17147
GOBSUM_clean,428.2899478
HIFTOG02_clean,428.5278878
PUGJEI_clean,428.590267
BIHMUC_clean,428.6569968
FAGXOD_clean,428.7013775
UVASAM_clean,428.9648891
OSOTUN_clean,429.0804827
YUWKIL_clean,429.5855219
BEPREV_clean,429.7
BEPREV02_clean,429.7
FORPIM_clean,429.7406082
HADPOU_clean,430.2357495
BEPVOJ_clean,430.3178535
BEPVID_clean,430.3178535
BEPVEZ_clean,430.3178535
BEPVAV_clean,430.3178535
XADDUD_clean,430.5306365
FONPUV_clean,430.5767351
ZIDDIB_clean,430.7776285
INIRII_clean,430.8530511
XOQXEH_clean,431.070851
PUGHIK_clean,431.0734463
KEFBOO_clean,431.5764547
QIHXIQ_clean,431.5995777
WOBHOL_clean,431.8212253
WOBHEB01_clean,431.8212253
PUGFII_clean,431.9409732
KUHNIM_clean,431.94967
RAYLAG_clean,431.998006
YOYPEJ_clean,432.2644715
VEHKIE_SL,432.3013049
LIBQIY_clean,432.3887854
UTEWOG_clean,432.6732673
WEHJAW_clean,432.6951312
ZIJVAR_clean,433.1723087
RAVJOP_clean,433.4497262
UTEXIB_clean,433.8729903
PEPBAO_clean,433.9377217
KUMGIK_clean,434.0214954
TETVIZ_clean,434.1480549
GARLIX_clean,434.8455407
CEFLEF_clean,434.9643331
WITKIV_clean,434.992644
GARLET_clean,435.8738968
COWROX_clean,435.998222
XIVMEW01_clean,436.0546329
XIVMEW_clean,436.0546329
AWEJIW_clean,436.147276
FORPUY_clean,436.6096727
YUPSIM_clean,436.7335835
WOYJID_clean,436.8603955
KONSAJ_clean,436.9126417
MAKGEN_clean,437.2386889
XOCWET_clean,437.3841561
ABEFUL_clean,437.6718577
COWRAJ_clean,437.924624
OXUNEB_clean,438.0598395
XIFHIF_clean,438.2515567
FORPOS_clean,438.7340576
ZUHSEC_clean,439.2096662
ZILBIH_clean,439.5221219
IZIHOQ_clean,440.0057728
PEFRID01_clean,440.1864502
PEFRID_clean,440.1864502
XORHET_clean,440.2529894
HICZAW_clean,441.0208294
CITZIP_manual,441.101545
CAYKEU_clean,441.1524077
KUCDOD_clean,441.3159647
GESDUF_clean,441.4957018
IGIZAA_clean,441.6894637
IZIHEG_clean,441.713352
KEVWUF_clean,441.8181086
CEHLAD_clean,442.1385759
YUWKEH_clean,442.4832911
QOVDAH_clean,442.7901457
QOVDEL_clean,442.7901457
SANJAV_clean,442.9745533
HEDBUP_clean,443.0379747
BEKSAM_clean,443.0622265
WAYMIU_manual,443.226573
MUTDEM_clean,443.2908136
YOBYAR_clean,443.3517747
YONNAR_clean,443.3888448
HOXKUB_clean,443.7741385
EHAFEA_clean,443.9847121
CELZIE_SL,444.0433854
NELVEG_clean,444.2064359
NIGBOW_clean,445.3978711
VIXZUZ_clean,445.6594844
PIBPAS01_clean,445.7546737
GALJAG_clean,445.8284902
SEHLEY_clean,445.8571731
MAXHEA_clean,445.8670074
NOHLAZ_clean,446.3052484
VASFAZ_clean,446.4419651
PENZUE_clean,446.555189
CAVVUS_clean,447.3491327
XUMSOP_clean,447.9634131
DADPEG_clean,447.9868142
OMEWUZ_clean,448.0087674
OLANAS_clean,448.1380223
MUFYAP_clean,448.1934732
LAVTAF_clean,448.3068449
RAVDEZ_clean,448.4810823
LEYQUD_clean,448.4895008
WAYMEQ_SL,448.5895831
DONNEA_clean,448.6674197
UVARUF_clean,449.2621371
QOVWOO_SL,449.4139518
FULQUZ_clean,449.5015716
ZIJSAO_clean,450.0200796
BETDUB_clean,450.1518547
DOYBEA_clean,450.1917044
VUKTEC_clean,450.4581768
ESURER04_clean,450.5813768
REYCEF_clean,450.7331352
POHLOP_clean,451.0
SOMSIY_clean,451.0181572
DARJUD_clean,451.3083206
MIDCAF_clean,451.4744697
NABMUA_clean,451.6056549
OXALEF_clean,451.6727599
FECYUJ_clean,451.8213088
UGUHEK_clean,452.0785437
EDIKIL_clean,452.4206589
VUKTAY_clean,452.4206819
MUTDIQ_clean,453.041105
CAVMOD_clean,453.2854849
DADNUU_clean,453.6054641
VIRPOC_clean,453.7701397
RUHCED_SL,453.8235802
DONNAW01_SL,453.8235802
RAJFEQ_clean,454.1502676
MAKGOX_clean,454.221479
NUYQUU_clean,454.3610191
ZOYKAB_clean,454.5697825
ZOZKAC_clean,454.5697825
HOXKIP_clean,454.6753155
HIDCUU_clean,454.8873141
FOXNIQ_clean,455.0261462
XAFXOT_clean,455.049489
EHAFIE_clean,455.4548989
NANMEW_clean,455.5355054
CUKXOW_clean,455.5515239
WOSHET_clean,455.7817489
ALUJUN_clean,455.9234902
HICVOG_clean,456.4522779
DANVEU_clean,457.3317751
EBIMEJ_clean,457.477933
FULQOT_clean,457.5629064
SANHIB_clean,457.6401481
ZISFEO_clean,457.8577082
AVUJIL_clean,458.0196721
WUSLED_clean,458.4396117
NAWKII_clean,458.5180164
HORCUN_clean,458.9681502
CEKHIL_clean,459.0180351
XICYAL_clean,459.3315289
HICZEA_clean,459.35676
MAXHIE_clean,459.6028442
XENMOU_SL,460.1574838
HOGQAX_clean,460.6150348
DAWCIP_clean,461.0269242
EZIPEK_clean,461.3933432
MIFKUJ_clean,461.6117614
JUFBIX_clean,461.6551998
DADPAC_clean,461.6612672
PURNIB_clean,462.1230386
WOLYON_clean,462.2594869
WIZMAV02_auto,462.6509662
DADNII_clean,462.8131442
ATUYAR_clean,463.2386228
FUNBAS_clean,463.4878255
SEQTEP_clean,463.8009532
NEXXIZ_clean,463.898917
NEXXEV_clean,463.898917
GUPJEG01_clean,463.9278318
IYUCEM_clean,464.2801048
JUGQOT_clean,464.3475415
XOCWOD_clean,464.4505141
COWMUX_clean,464.8983664
MUFXUI_clean,465.0105708
XOMCOT_clean,465.0396329
OLANEW_clean,465.1046067
HOWQEQ_clean,466.0704131
MAKFIQ_clean,466.0867577
VUQKAU_clean,466.13403
VETTIZ_charged,466.5028787
HENYUV_clean,466.8795546
EBUREA_clean,467.1352885
POHLUV_clean,467.1755454
EQEREY_clean,467.378925
XEQLEM_clean,467.9718791
VASFED_clean,468.0703376
AJUNOK_clean,468.2224536
MAXHOK_clean,468.3379021
ATUXUK_clean,468.9638427
SIRZUQ_clean,468.9894894
LAVTOT_clean,469.3193162
LAVTIN_clean,469.3193162
MEJZOS_clean,469.5238095
AZAVOO_clean,469.6708399
IWELIG01_clean,470.2394121
NAYXOC_clean,470.3239032
PAMTOO_clean,470.6293551
QOKCID_clean,470.9745992
WAQDOJ_charged,471.521489
MUNLUE_clean,471.6042781
AVIMIC_clean,471.7452541
IZENUY_clean,471.8191418
IKOKEA_clean,472.2709295
FECZAQ_manual,472.2933691
QUQGAL_clean,473.2221203
MANDUD_clean,473.7448995
ICIZOL_clean,473.7523105
XENMIO_SL,473.9634694
DOTTEM_clean,473.992674
NUHQAK_clean,474.0359477
NUHQIS_clean,474.0359477
LAVTUZ_clean,474.3846849
ZOZKEG_clean,474.9998794
WONRUM02_clean,475.1720841
DARJOX_clean,475.3153294
CUQRIR_clean,475.4972875
EHAGUR_clean,475.5250882
MAKGAJ_clean,475.8013129
JOLYEQ_clean,475.9160266
XOCWUJ_clean,476.3869778
HOGQEB_clean,476.7469268
SOTWUV_clean,476.7619303
LAVTEJ_clean,477.3934425
DOHXUV_clean,477.9286694
OXALOP_clean,478.3407015
ORAGOF_clean,478.4019064
VOPCEK_clean,478.5714286
QUQFOY_clean,478.6959334
HADDOI_clean,478.8649062
NAWXER_clean,479.1815034
VEHRIL_clean,479.2023037
ENOVAG_clean,479.5915165
AMOZAE_clean,479.6983165
OCUSIP_clean,479.7024553
ATUXOE_clean,480.4809781
AVIPAX_clean,480.8796029
OHIHUJ_clean,481.0252678
PUQYAC_clean,481.4502553
PUQXUV_clean,481.4502553
HIDBIH_clean,481.6638983
TIRRIW_clean,481.9517105
VASFIH_clean,482.0001331
YEMMAF_clean,482.2013703
PAMTUU_clean,482.3332433
VUQJUN01_clean,483.1770321
VUQJUN_clean,483.1770321
FAGXIX_clean,483.3576767
POHMAC_clean,484.0707965
HISSIN_clean,484.6404022
NUHQOY_clean,485.994171
SAKDEQ_clean,486.1430756
EBEXAM_clean,486.4525906
EBEWIT_clean,486.4525906
VUKJOC_clean,486.4906446
ORANAY_clean,486.8555296
ALAHUS_clean,488.089458
NUHQUE_clean,488.4441489
ENOSAD_clean,488.692173
WUDTOG_clean,489.3241749
BETFEN_clean,489.5897837
ALUJOH_clean,489.8850977
SUWQEI_clean,489.9533533
YUWHOO_SL,490.1630471
SOQJOZ_clean,490.4131732
AXUPEO_clean,490.4137001
GIZVER_clean,490.4955665
PEQWAK_clean,490.5526422
KIYMIQ_clean,490.8240795
DILXED_clean,490.8544145
WURKEB_clean,491.3254627
QUHMOX_clean,491.32621
VUKTIG_clean,491.4066403
COXCUP_clean,491.4412514
XADDAJ_clean,491.6038479
TIGQOR_clean,491.7922647
CUQROX_clean,491.8127976
VUWSAJ_clean,492.0219066
ALATAK_clean,492.0462152
IFUNUU_clean,492.1832556
HOGPUQ_clean,494.3237693
BETDIP_clean,494.3823364
OCUPUY_clean,494.5204228
BELTOD_clean,494.6011396
VUKJUI_clean,494.97999
FEZTIP_clean,495.5072846
ALUKIC_clean,496.1966147
SADLEQ_clean,496.819752
BETGAK_clean,497.5910481
ZEBMAW_clean,497.9656129
VETSOE_charged,498.2265446
MUGHED_clean,498.4447839
EVADIQ_clean,499.6794339
WUDVEY_clean,499.9051783
WUDTIA_clean,500.0
ILIMUN_clean,500.4508734
TATPOV_clean,500.4550036
XADDAJ01_clean,500.5227273
NUDMEG_clean,501.8237923
ZEJCUO_clean,501.863354
LADQIT_clean,502.1696843
NUNCEG_clean,502.4289693
COWMOR_clean,502.4839787
DIMKER_clean,502.5992802
DIWNAA_clean,502.6307125
NUDMOQ_clean,503.3988067
NUHRAL_clean,504.0086207
LADQUF_clean,504.1481398
KIYMAI_clean,504.5958722
KUMJIN_clean,504.779036
KUMBUR_clean,504.779036
KUMBOL_clean,504.779036
VUKTUS_clean,504.8377604
BETDEL_clean,506.0803799
BETFAJ_clean,506.1823195
EBOJOV_clean,506.2628236
BETDAH_clean,506.3453686
DIWMON_clean,506.6458359
HIDBON_clean,506.6574848
NUDMAC_clean,507.1156218
BOJYIK_clean,507.3943083
XUBGUY_clean,507.9448055
ZERNIV_clean,508.1083473
NUDMUW_clean,508.2434706
TIGQUX_clean,508.8547696
SOTXAC_clean,509.4404689
ADEGIA01_clean,509.6428462
QOHYET_clean,509.6873322
QUQFIS_clean,509.9563207
EQERAU_clean,510.012908
XUMVOS_clean,512.5455811
ROQVIE_clean,513.329912
UWUTIQ_clean,513.3945841
YUMFUJ_clean,513.5781892
KAYBIX_clean,513.9565274
SANGUM_clean,514.1240257
NENFAN_clean,514.5125209
QETSOY_clean,514.7298617
HAZGOF_clean,515.26751
EZEQEH_clean,515.3441157
IZEVAM_clean,516.0947712
LIDZOP_clean,516.49729
HOQMUX_clean,517.3361695
EZEQIL_clean,517.3545639
LUSHOX04_clean,517.5703696
DANVAQ_clean,517.7423552
GIQYEL_clean,517.9068362
KAKCAD_clean,517.9682456
LIDZUV_clean,518.3150593
NUDLIJ_clean,518.350158
HAFVOB_clean,518.5140376
FESBEM_clean,519.0972788
LADQOZ_clean,519.2071732
YEKWOC_clean,519.3300189
OJIDAN_clean,519.5167469
MUGQAI_clean,521.242653
ALUJEX_clean,521.4286299
LAVSUY_clean,521.461163
SEHSII_clean,521.5468855
SADLIU_clean,521.9032613
EZEQOR_clean,522.4910697
KAKCEH_clean,523.0001975
SOTXEG_neutral,523.2381683
NAHDIM_clean,523.4826762
ZOHBEF_clean,524.4810825
VUKTOM_clean,524.9447403
OJICUG_clean,525.0165737
VAGKOF_clean,525.2266225
QAQHOG_clean,525.3
GOMREG_clean,526.021013
EZEQUX_clean,526.3080842
KOZSOJ_clean,528.1194296
KOZSID_clean,528.1194296
SABVOH01_clean,528.5266458
EKOPIE_clean,528.6382776
FEHCIG_manual,528.9125223
SANGEW_clean,529.3362982
KAYBUJ_clean,530.0371661
GOMRAC_clean,531.0100078
YEYFEP_clean,531.6976206
GIQXEK_clean,532.7518987
EXEQAA_clean,533.3079221
EXEQII_SL,533.3079221
HUZLIY_clean,533.5480917
PIQMOT_clean,533.7002331
AHOKOX_clean,533.9700079
HUCXIO_clean,534.2114067
VUWRUC_clean,534.3260441
NUDNEH_clean,534.8302687
KIXXOG_clean,535.7988723
NUTYEI_clean,535.867544
LELMIA_clean,537.3728439
EQUBUO_clean,537.7991978
PACGIM_clean,538.1959162
LADQEP_clean,538.26024
HUCWOT_clean,538.7275958
SABVOH_manual,538.776011
HUCWUZ_clean,538.8096182
QAMVEH01_clean,538.8411999
FAPXEC_clean,539.061494
FAPXIG_clean,539.061494
FAPXOM_clean,539.061494
FAQLUH_clean,539.061494
HAZGOF05_clean_h,539.094857
HAZGOF06_clean_h,539.094857
HAZGOF07_clean_h,539.094857
HAZGOF08_clean_h,539.094857
HAZGOF02_clean_h,539.094857
HAZGOF01_clean_h,539.094857
HAZGOF03_clean_h,539.094857
HAZGOF04_clean_h,539.094857
MUDLON_clean,539.782643
ZOHBIJ_clean,542.2366827
UXUYUI_clean,542.7068388
AFOVAT_clean,542.8181432
HUCXOU_clean,545.0548157
HUCXAG_clean,545.114517
LELMIA01_clean,545.3696974
KAKBUW_clean,546.4020701
APAZAU_clean,546.5381127
RUYVEO_clean,547.0539634
HUCXUA_clean,547.3567924
APAZEY_clean,547.4211165
DADNOO_clean,548.42239
WOJZIG_clean,548.9166667
HUSJUC_clean,550.0545214
NUTYIM_clean,550.0788325
YOMVIG_clean,551.0269735
HUCXEK_clean,551.2649031
HOWROC_clean,551.3460826
NATHOH_ion_b,552.3522063
ZUZZEB_clean,554.7945205
HUZKUJ_clean,555.2431062
APAYOH_clean,555.4154193
OSAVEK_clean,555.8885368
AFOTUL_clean,555.9183194
DAMYUO_clean,556.3915468
DAMYOI_clean,556.3915468
AFOVEX_clean,557.0482149
NADZID_clean,557.7956867
APAYIB_clean,558.0178169
QOSXOM_clean,558.6437303
QEZZAY_clean,559.0677935
SUCLOT_clean,559.9806903
ZEDZAL_clean,560.0040737
ZEDZAL01_clean,560.0040737
WOJZEC_clean,561.660536
DACXUB_clean,561.7422367
HOZDIL_clean,563.4284247
APAZIC_clean,564.1966802
EQUBIC_clean,564.4345035
WOJZAY_clean,564.8447205
WOJZOM_clean,565.0199117
AFOTOF_clean,565.2490653
APAYUN_clean,565.6363899
GOWHOR_clean,566.4827279
RESWUI_clean,566.8041051
RUFMUA01_clean,567.0926995
TECVEE_clean,567.0926995
TECTUS_clean,567.0926995
QEZZEC_clean,567.1479336
DUKYOZ_clean,567.203794
EYACOX_clean,567.3077846
WUBHEI_clean,570.2625571
BUKYAJ_clean,570.726133
FOKYIP_clean,574.9569009
IGETUL_clean,577.0604782
NADZEZ_clean,577.3035776
KINFAQ_clean,578.1340289
OQETEK_clean,579.2994749
AMOFAK_clean,579.7520495
SABWAU_SL,581.1862853
FECXAO_clean,583.0323314
RESWUI02_clean,584.702397
ENESUN_clean,585.1969907
LETDEU_clean,585.8116277
BUVHEH_clean,585.852378
ENESOH_clean,587.3612126
APAZOI_clean,587.6992751
AMODUC_clean,587.9625588
UHISOU_clean,590.8839216
NAQQON_clean,591.8611977
GUBKUL_clean,592.120075
PEDMER_clean,593.6513632
KIFKAM_clean,594.9327383
NAQQED_clean,598.8876929
WAPSUE_clean,598.9593238
KINFEU_clean,601.5644621
MUMYAW_clean,604.1485695
KIFKEQ_clean,626.173347
IFAQUC_clean,634.8680022
EQERIC_clean,639.1312089
IFAREN_charged,654.3239796
